-- phpMyAdmin SQL Dump
-- version 5.0.2
-- https://www.phpmyadmin.net/
--
-- Hôte : 127.0.0.1
-- Généré le : jeu. 21 jan. 2021 à 16:47
-- Version du serveur :  10.4.11-MariaDB
-- Version de PHP : 7.2.30

SET SQL_MODE = "NO_AUTO_VALUE_ON_ZERO";
START TRANSACTION;
SET time_zone = "+00:00";


/*!40101 SET @OLD_CHARACTER_SET_CLIENT=@@CHARACTER_SET_CLIENT */;
/*!40101 SET @OLD_CHARACTER_SET_RESULTS=@@CHARACTER_SET_RESULTS */;
/*!40101 SET @OLD_COLLATION_CONNECTION=@@COLLATION_CONNECTION */;
/*!40101 SET NAMES utf8mb4 */;

--
-- Base de données : `projetl2`
--

-- --------------------------------------------------------

--
-- Structure de la table `algorithme`
--

CREATE TABLE `algorithme` (
  `idAlgorithme` int(10) UNSIGNED NOT NULL,
  `nom` varchar(100) DEFAULT NULL,
  `description` text DEFAULT NULL
) ENGINE=InnoDB DEFAULT CHARSET=utf8mb4;

--
-- Déchargement des données de la table `algorithme`
--

INSERT INTO `algorithme` (`idAlgorithme`, `nom`, `description`) VALUES
(1, 'Analyse par seuillage et découpage', 'Transforme l\'image en niveau de gris, puis en image binaire. Enfin, il sépare un à un les différents noyaux détectés.'),
(2, 'Analyse par seuillage', 'Transforme l\'image en niveau de gris, puis en image binaire.'),
(3, 'Seuillage ovale pour microscope', 'Analyse une sélection ovale de l\'image, utile pour les images au microscope dans lesquelles on voit encore la lentille. Transforme ensuite en image binaire puis sépare les noyaux détectés.');

-- --------------------------------------------------------

--
-- Structure de la table `amas`
--

CREATE TABLE `amas` (
  `idAmas` int(10) UNSIGNED NOT NULL,
  `coordonnéeX` float DEFAULT NULL,
  `coordonnéeY` float DEFAULT NULL,
  `poids` int(50) NOT NULL
) ENGINE=InnoDB DEFAULT CHARSET=utf8mb4;

--
-- Déchargement des données de la table `amas`
--

INSERT INTO `amas` (`idAmas`, `coordonnéeX`, `coordonnéeY`, `poids`) VALUES
(19339, 442.738, 3.88095, 1),
(19340, 19.94, 7.1, 1),
(19341, 182.88, 8.4, 1),
(19342, 269.9, 8.5, 1),
(19343, 468.75, 9.625, 1),
(19344, 336.45, 13.55, 1),
(19345, 133.296, 14.1296, 1),
(19346, 286.306, 14.9516, 1),
(19347, 302.178, 18.4492, 1),
(19348, 434.203, 16.3378, 1),
(19349, 274.403, 18.9516, 1),
(19350, 234.981, 20.8704, 1),
(19351, 256.3, 24.2333, 1),
(19352, 311.875, 25.8438, 1),
(19353, 14.7571, 29.9571, 1),
(19354, 469.855, 30.0161, 1),
(19355, 258.515, 32.2846, 1),
(19356, 234.675, 35.45, 1),
(19357, 320.775, 36.6569, 1),
(19358, 393.064, 37.4818, 1),
(19359, 384.94, 36.82, 1),
(19360, 142.557, 38.9286, 1),
(19361, 280.062, 39.6042, 1),
(19362, 6, 41.5, 1),
(19363, 248.471, 46.5588, 1),
(19364, 309.69, 46.4483, 1),
(19365, 269.43, 49.0439, 1),
(19366, 334.771, 53.75, 1),
(19367, 316.528, 54.1667, 1),
(19368, 352.426, 55.4815, 1),
(19369, 118.846, 56.7885, 1),
(19370, 13.0806, 57.0806, 1),
(19371, 195.866, 58.7195, 1),
(19372, 49.5217, 61.3043, 1),
(19373, 444.5, 60.5, 1),
(19374, 369.569, 63.3793, 1),
(19375, 320.926, 63.3298, 1),
(19376, 306.966, 67.0862, 1),
(19377, 420.938, 66.5833, 1),
(19378, 22.74, 73.72, 1),
(19379, 345.348, 72.6087, 1),
(19380, 256.604, 76.6667, 1),
(19381, 237.803, 79.0909, 1),
(19382, 292.061, 78.0439, 1),
(19383, 230.144, 80.4111, 1),
(19384, 325.18, 80.58, 1),
(19385, 365.75, 82.8182, 1),
(19386, 410.16, 82.86, 1),
(19387, 301.944, 84.4683, 1),
(19388, 453.57, 86.9737, 1),
(19389, 338.426, 88.75, 1),
(19390, 129.66, 89.04, 1),
(19391, 425.75, 90.1, 1),
(19392, 469.33, 92.9468, 1),
(19393, 27.6875, 94.6875, 1),
(19394, 233.448, 94.2414, 1),
(19395, 384.357, 95.3571, 1),
(19396, 270.014, 96.8429, 1),
(19397, 353.567, 98.0556, 1),
(19398, 406.061, 100.325, 1),
(19399, 157.948, 101.948, 1),
(19400, 250, 103.141, 1),
(19401, 275.859, 102.603, 1),
(19402, 87.0667, 104.333, 1),
(19403, 416.951, 105.167, 1),
(19404, 320.72, 107.161, 1),
(19405, 386.581, 106.806, 1),
(19406, 102.476, 108.69, 1),
(19407, 182.643, 108.875, 1),
(19408, 195.167, 108.771, 1),
(19409, 82.9127, 111.611, 1),
(19410, 222.391, 114.344, 1),
(19411, 345.615, 113.904, 1),
(19412, 62.3529, 119.206, 1),
(19413, 234.628, 120.628, 1),
(19414, 9.36667, 122.567, 1),
(19415, 452.325, 123.377, 1),
(19416, 370.73, 124.008, 1),
(19417, 438.267, 123.433, 1),
(19418, 118.904, 125.728, 1),
(19419, 317.05, 127.267, 1),
(19420, 402.639, 127.111, 1),
(19421, 430.25, 128.594, 1),
(19422, 334.697, 131.061, 1),
(19423, 224.6, 129.567, 1),
(19424, 446.427, 136.354, 1),
(19425, 414.31, 140.238, 1),
(19426, 203.75, 143.583, 1),
(19427, 290.826, 143.128, 1),
(19428, 392.983, 143.15, 1),
(19429, 157.871, 144.097, 1),
(19430, 360, 144.5, 1),
(19431, 319.452, 145.984, 1),
(19432, 308.3, 147.575, 1),
(19433, 10.5857, 148.043, 1),
(19434, 122.397, 149.948, 1),
(19435, 333.149, 149.554, 1),
(19436, 291.924, 153.788, 1),
(19437, 127.712, 156.038, 1),
(19438, 183.462, 156.25, 1),
(19439, 341.981, 157.389, 1),
(19440, 465.679, 159.411, 1),
(19441, 145.839, 158.5, 1),
(19442, 197.134, 158.793, 1),
(19443, 303.946, 160.823, 1),
(19444, 443.214, 161.541, 1),
(19445, 117.446, 167.214, 1),
(19446, 285.086, 168.224, 1),
(19447, 366.355, 169.71, 1),
(19448, 161.633, 170.517, 1),
(19449, 330.792, 171.062, 1),
(19450, 32.4706, 170.529, 1),
(19451, 196.848, 172.457, 1),
(19452, 214.771, 172.833, 1),
(19453, 89.2174, 175.957, 1),
(19454, 302.325, 174.65, 1),
(19455, 346.5, 174.5, 1),
(19456, 320.989, 177.322, 1),
(19457, 398.892, 178.324, 1),
(19458, 120.65, 178.55, 1),
(19459, 41.55, 179.425, 1),
(19460, 268.675, 180.786, 1),
(19461, 360.321, 183, 1),
(19462, 288.463, 187.444, 1),
(19463, 252.095, 189.143, 1),
(19464, 302.615, 191.385, 1),
(19465, 114.826, 192.174, 1),
(19466, 129.963, 191.793, 1),
(19467, 79.9833, 194.35, 1),
(19468, 189.33, 194.032, 1),
(19469, 406, 195.833, 1),
(19470, 276.453, 198.734, 1),
(19471, 382.432, 198.025, 1),
(19472, 265.172, 199.216, 1),
(19473, 315.115, 200.669, 1),
(19474, 399.797, 199.635, 1),
(19475, 348.144, 202.11, 1),
(19476, 95.4643, 202.089, 1),
(19477, 295.971, 201.931, 1),
(19478, 423.25, 201.5, 1),
(19479, 18.6556, 205.278, 1),
(19480, 30.3611, 206.889, 1),
(19481, 153.156, 208.547, 1),
(19482, 335.361, 206.889, 1),
(19483, 404.833, 207.678, 1),
(19484, 269.529, 210.118, 1),
(19485, 85.4474, 212.079, 1),
(19486, 216.804, 211.674, 1),
(19487, 432.044, 213.559, 1),
(19488, 124.33, 213.521, 1),
(19489, 350.25, 213.417, 1),
(19490, 115.619, 215.071, 1),
(19491, 337.782, 214.397, 1),
(19492, 467.041, 215.73, 1),
(19493, 174.482, 217.939, 1),
(19494, 271.233, 217.9, 1),
(19495, 213.5, 218.674, 1),
(19496, 364.206, 220.574, 1),
(19497, 78.1216, 221.392, 1),
(19498, 385.528, 222.387, 1),
(19499, 329.885, 222.904, 1),
(19500, 27.7432, 223.473, 1),
(19501, 319.852, 224.315, 1),
(19502, 415.117, 223.567, 1),
(19503, 431.425, 225.575, 1),
(19504, 187.844, 226.359, 1),
(19505, 250.127, 226.331, 1),
(19506, 399.655, 227.19, 1),
(19507, 145.629, 229.048, 1),
(19508, 336.633, 229.953, 1),
(19509, 222.411, 230.211, 1),
(19510, 76.0909, 234.75, 1),
(19511, 199.393, 236.554, 1),
(19512, 406.56, 236.873, 1),
(19513, 148.321, 238.196, 1),
(19514, 48.0741, 241.222, 1),
(19515, 291.009, 241.079, 1),
(19516, 318.79, 241.645, 1),
(19517, 448.182, 242.693, 1),
(19518, 359.647, 242.485, 1),
(19519, 86.2021, 242.606, 1),
(19520, 270.167, 242.896, 1),
(19521, 18.3596, 244.763, 1),
(19522, 437.429, 246.452, 1),
(19523, 456.859, 246.936, 1),
(19524, 95.9364, 249.518, 1),
(19525, 203.989, 249.589, 1),
(19526, 296.486, 250.786, 1),
(19527, 223.7, 251.34, 1),
(19528, 43.9286, 254.286, 1),
(19529, 463.459, 253.929, 1),
(19530, 173.622, 256.418, 1),
(19531, 233.208, 259.889, 1),
(19532, 32.8111, 260.078, 1),
(19533, 206.583, 260, 1),
(19534, 438.017, 261.15, 1),
(19535, 359.64, 263.026, 1),
(19536, 450.55, 262.175, 1),
(19537, 8.3125, 264.188, 1),
(19538, 91.1667, 261.611, 1),
(19539, 244.439, 263.806, 1),
(19540, 470.104, 264.25, 1),
(19541, 97.9043, 266.862, 1),
(19542, 261.819, 266.053, 1),
(19543, 394.394, 266.585, 1),
(19544, 75.2143, 269.667, 1),
(19545, 387.259, 270.111, 1),
(19546, 136.322, 270.833, 1),
(19547, 283.37, 271.826, 1),
(19548, 222.5, 273.5, 1),
(19549, 426.809, 277.027, 1),
(19550, 39.0526, 278.316, 1),
(19551, 196.486, 280.569, 1),
(19552, 405.921, 280.377, 1),
(19553, 461.571, 278.452, 1),
(19554, 447.786, 280.982, 1),
(19555, 223.363, 283.461, 1),
(19556, 338.559, 284.529, 1),
(19557, 308.267, 285.826, 1),
(19558, 281.873, 288.696, 1),
(19559, 357, 287.632, 1),
(19560, 39.4365, 289.262, 1),
(19561, 445.069, 289.946, 1),
(19562, 63.6379, 291.017, 1),
(19563, 187.377, 290.746, 1),
(19564, 105.038, 291.154, 1),
(19565, 262.75, 289.75, 1),
(19566, 380.947, 294.649, 1),
(19567, 356.579, 295.316, 1),
(19568, 155.613, 296.425, 1),
(19569, 212.663, 296.942, 1),
(19570, 80.5893, 298.232, 1),
(19571, 177.08, 297.514, 1),
(19572, 427.941, 298.534, 1),
(19573, 256.217, 299.617, 1),
(19574, 263.625, 299.75, 1),
(19575, 371.616, 299.384, 1),
(19576, 320.1, 301.15, 1),
(19577, 337.617, 302.417, 1),
(19578, 391.265, 301.971, 1),
(19579, 17.1078, 303.814, 1),
(19580, 268.944, 306.532, 1),
(19581, 373.686, 308.314, 1),
(19582, 400.75, 304.75, 1),
(19583, 416.245, 307.422, 1),
(19584, 218.598, 309.768, 1),
(19585, 28.2826, 311.065, 1),
(19586, 334.229, 311.822, 1),
(19587, 453.9, 311.9, 1),
(19588, 290.171, 317.324, 1),
(19589, 43.625, 314.833, 1),
(19590, 169.636, 316.705, 1),
(19591, 235.147, 316.775, 1),
(19592, 444.107, 319.5, 1),
(19593, 362.847, 319.929, 1),
(19594, 206.54, 321.84, 1),
(19595, 402.419, 323.027, 1),
(19596, 55.7787, 323.615, 1),
(19597, 106.156, 323.598, 1),
(19598, 251.064, 324.173, 1),
(19599, 168, 325.152, 1),
(19600, 387.187, 325.53, 1),
(19601, 334.571, 325.143, 1),
(19602, 324.604, 328.44, 1),
(19603, 428.045, 330.936, 1),
(19604, 264.436, 330.968, 1),
(19605, 368.354, 331.292, 1),
(19606, 218.179, 331.915, 1),
(19607, 231.765, 333.529, 1),
(19608, 78.3987, 334.057, 1),
(19609, 97.7396, 334.823, 1),
(19610, 273.434, 335.008, 1),
(19611, 285.155, 335.427, 1),
(19612, 404.1, 335.529, 1),
(19613, 345.962, 337.173, 1),
(19614, 113.973, 337.936, 1),
(19615, 417.851, 337.956, 1),
(19616, 331.455, 340.963, 1),
(19617, 4.2931, 339.534, 1),
(19618, 52.2895, 341.377, 1),
(19619, 398.476, 343.286, 1),
(19620, 297.926, 344.87, 1),
(19621, 376.399, 346.399, 1),
(19622, 26.5417, 347.188, 1),
(19623, 320.616, 346.384, 1),
(19624, 273.87, 347.391, 1),
(19625, 182.418, 348.844, 1),
(19626, 80.6481, 350.741, 1),
(19627, 454.329, 350.598, 1),
(19628, 214.5, 352.235, 1),
(19629, 54.5606, 353.076, 1),
(19630, 442.738, 3.88095, 1),
(19631, 19.94, 7.1, 1),
(19632, 182.88, 8.4, 1),
(19633, 269.9, 8.5, 1),
(19634, 468.75, 9.625, 1),
(19635, 336.45, 13.55, 1),
(19636, 133.296, 14.1296, 1),
(19637, 286.306, 14.9516, 1),
(19638, 302.178, 18.4492, 1),
(19639, 434.203, 16.3378, 1),
(19640, 274.403, 18.9516, 1),
(19641, 234.981, 20.8704, 1),
(19642, 257.742, 29.6515, 1),
(19643, 311.875, 25.8438, 1),
(19644, 14.7571, 29.9571, 1),
(19645, 469.855, 30.0161, 1),
(19646, 234.675, 35.45, 1),
(19647, 320.775, 36.6569, 1),
(19648, 393.064, 37.4818, 1),
(19649, 384.94, 36.82, 1),
(19650, 142.557, 38.9286, 1),
(19651, 280.062, 39.6042, 1),
(19652, 6, 41.5, 1),
(19653, 248.471, 46.5588, 1),
(19654, 309.69, 46.4483, 1),
(19655, 269.43, 49.0439, 1),
(19656, 334.771, 53.75, 1),
(19657, 316.528, 54.1667, 1),
(19658, 352.426, 55.4815, 1),
(19659, 118.846, 56.7885, 1),
(19660, 13.0806, 57.0806, 1),
(19661, 195.866, 58.7195, 1),
(19662, 49.5217, 61.3043, 1),
(19663, 444.5, 60.5, 1),
(19664, 369.569, 63.3793, 1),
(19665, 320.926, 63.3298, 1),
(19666, 306.966, 67.0862, 1),
(19667, 420.938, 66.5833, 1),
(19668, 22.74, 73.72, 1),
(19669, 345.348, 72.6087, 1),
(19670, 256.604, 76.6667, 1),
(19671, 234.677, 79.6327, 1),
(19672, 292.061, 78.0439, 1),
(19673, 325.18, 80.58, 1),
(19674, 365.75, 82.8182, 1),
(19675, 410.16, 82.86, 1),
(19676, 301.944, 84.4683, 1),
(19677, 453.57, 86.9737, 1),
(19678, 338.426, 88.75, 1),
(19679, 129.66, 89.04, 1),
(19680, 425.75, 90.1, 1),
(19681, 469.33, 92.9468, 1),
(19682, 27.6875, 94.6875, 1),
(19683, 233.448, 94.2414, 1),
(19684, 384.357, 95.3571, 1),
(19685, 273.097, 99.8506, 1),
(19686, 353.567, 98.0556, 1),
(19687, 406.061, 100.325, 1),
(19688, 157.948, 101.948, 1),
(19689, 250, 103.141, 1),
(19690, 84.3041, 109.17, 1),
(19691, 416.951, 105.167, 1),
(19692, 320.72, 107.161, 1),
(19693, 386.581, 106.806, 1),
(19694, 102.476, 108.69, 1),
(19695, 182.643, 108.875, 1),
(19696, 195.167, 108.771, 1),
(19697, 222.391, 114.344, 1),
(19698, 345.615, 113.904, 1),
(19699, 62.3529, 119.206, 1),
(19700, 234.628, 120.628, 1),
(19701, 9.36667, 122.567, 1),
(19702, 452.325, 123.377, 1),
(19703, 370.73, 124.008, 1),
(19704, 438.267, 123.433, 1),
(19705, 118.904, 125.728, 1),
(19706, 317.05, 127.267, 1),
(19707, 402.639, 127.111, 1),
(19708, 430.25, 128.594, 1),
(19709, 334.697, 131.061, 1),
(19710, 224.6, 129.567, 1),
(19711, 446.427, 136.354, 1),
(19712, 414.31, 140.238, 1),
(19713, 203.75, 143.583, 1),
(19714, 290.826, 143.128, 1),
(19715, 392.983, 143.15, 1),
(19716, 157.871, 144.097, 1),
(19717, 360, 144.5, 1),
(19718, 319.452, 145.984, 1),
(19719, 308.3, 147.575, 1),
(19720, 10.5857, 148.043, 1),
(19721, 122.397, 149.948, 1),
(19722, 333.149, 149.554, 1),
(19723, 291.924, 153.788, 1),
(19724, 127.712, 156.038, 1),
(19725, 183.462, 156.25, 1),
(19726, 341.981, 157.389, 1),
(19727, 465.679, 159.411, 1),
(19728, 145.839, 158.5, 1),
(19729, 197.134, 158.793, 1),
(19730, 303.946, 160.823, 1),
(19731, 443.214, 161.541, 1),
(19732, 117.446, 167.214, 1),
(19733, 285.086, 168.224, 1),
(19734, 366.355, 169.71, 1),
(19735, 161.633, 170.517, 1),
(19736, 330.792, 171.062, 1),
(19737, 32.4706, 170.529, 1),
(19738, 196.848, 172.457, 1),
(19739, 214.771, 172.833, 1),
(19740, 89.2174, 175.957, 1),
(19741, 302.325, 174.65, 1),
(19742, 346.5, 174.5, 1),
(19743, 320.989, 177.322, 1),
(19744, 398.892, 178.324, 1),
(19745, 120.65, 178.55, 1),
(19746, 41.55, 179.425, 1),
(19747, 268.675, 180.786, 1),
(19748, 360.321, 183, 1),
(19749, 288.463, 187.444, 1),
(19750, 252.095, 189.143, 1),
(19751, 302.615, 191.385, 1),
(19752, 114.826, 192.174, 1),
(19753, 129.963, 191.793, 1),
(19754, 79.9833, 194.35, 1),
(19755, 189.33, 194.032, 1),
(19756, 402.855, 197.737, 1),
(19757, 276.453, 198.734, 1),
(19758, 382.432, 198.025, 1),
(19759, 265.172, 199.216, 1),
(19760, 315.115, 200.669, 1),
(19761, 348.144, 202.11, 1),
(19762, 95.4643, 202.089, 1),
(19763, 295.971, 201.931, 1),
(19764, 423.25, 201.5, 1),
(19765, 18.6556, 205.278, 1),
(19766, 30.3611, 206.889, 1),
(19767, 153.156, 208.547, 1),
(19768, 335.361, 206.889, 1),
(19769, 404.833, 207.678, 1),
(19770, 269.529, 210.118, 1),
(19771, 85.4474, 212.079, 1),
(19772, 216.804, 211.674, 1),
(19773, 432.044, 213.559, 1),
(19774, 124.33, 213.521, 1),
(19775, 350.25, 213.417, 1),
(19776, 115.619, 215.071, 1),
(19777, 337.782, 214.397, 1),
(19778, 467.041, 215.73, 1),
(19779, 174.482, 217.939, 1),
(19780, 271.233, 217.9, 1),
(19781, 213.5, 218.674, 1),
(19782, 364.206, 220.574, 1),
(19783, 78.1216, 221.392, 1),
(19784, 385.528, 222.387, 1),
(19785, 333.867, 227.047, 1),
(19786, 27.7432, 223.473, 1),
(19787, 319.852, 224.315, 1),
(19788, 415.117, 223.567, 1),
(19789, 431.425, 225.575, 1),
(19790, 187.844, 226.359, 1),
(19791, 250.127, 226.331, 1),
(19792, 399.655, 227.19, 1),
(19793, 145.629, 229.048, 1),
(19794, 222.411, 230.211, 1),
(19795, 76.0909, 234.75, 1),
(19796, 199.393, 236.554, 1),
(19797, 406.56, 236.873, 1),
(19798, 148.321, 238.196, 1),
(19799, 48.0741, 241.222, 1),
(19800, 291.009, 241.079, 1),
(19801, 318.79, 241.645, 1),
(19802, 450.962, 243.992, 1),
(19803, 359.647, 242.485, 1),
(19804, 86.2021, 242.606, 1),
(19805, 270.167, 242.896, 1),
(19806, 18.3596, 244.763, 1),
(19807, 437.429, 246.452, 1),
(19808, 95.9364, 249.518, 1),
(19809, 203.989, 249.589, 1),
(19810, 296.486, 250.786, 1),
(19811, 223.7, 251.34, 1),
(19812, 43.9286, 254.286, 1),
(19813, 463.459, 253.929, 1),
(19814, 173.622, 256.418, 1),
(19815, 233.208, 259.889, 1),
(19816, 32.8111, 260.078, 1),
(19817, 206.583, 260, 1),
(19818, 438.017, 261.15, 1),
(19819, 359.64, 263.026, 1),
(19820, 450.55, 262.175, 1),
(19821, 8.3125, 264.188, 1),
(19822, 91.1667, 261.611, 1),
(19823, 244.439, 263.806, 1),
(19824, 470.104, 264.25, 1),
(19825, 97.9043, 266.862, 1),
(19826, 261.819, 266.053, 1),
(19827, 390.619, 268.463, 1),
(19828, 75.2143, 269.667, 1),
(19829, 136.322, 270.833, 1),
(19830, 283.37, 271.826, 1),
(19831, 222.5, 273.5, 1),
(19832, 426.809, 277.027, 1),
(19833, 39.0526, 278.316, 1),
(19834, 196.486, 280.569, 1),
(19835, 405.921, 280.377, 1),
(19836, 461.571, 278.452, 1),
(19837, 446.325, 285.754, 1),
(19838, 223.363, 283.461, 1),
(19839, 338.559, 284.529, 1),
(19840, 308.267, 285.826, 1),
(19841, 281.873, 288.696, 1),
(19842, 356.8, 291.475, 1),
(19843, 39.4365, 289.262, 1),
(19844, 63.6379, 291.017, 1),
(19845, 187.377, 290.746, 1),
(19846, 105.038, 291.154, 1),
(19847, 262.75, 289.75, 1),
(19848, 380.947, 294.649, 1),
(19849, 155.613, 296.425, 1),
(19850, 212.663, 296.942, 1),
(19851, 80.5893, 298.232, 1),
(19852, 177.08, 297.514, 1),
(19853, 427.941, 298.534, 1),
(19854, 262.916, 302.413, 1),
(19855, 371.616, 299.384, 1),
(19856, 320.1, 301.15, 1),
(19857, 337.617, 302.417, 1),
(19858, 391.265, 301.971, 1),
(19859, 17.1078, 303.814, 1),
(19860, 373.686, 308.314, 1),
(19861, 400.75, 304.75, 1),
(19862, 416.245, 307.422, 1),
(19863, 218.598, 309.768, 1),
(19864, 28.2826, 311.065, 1),
(19865, 334.229, 311.822, 1),
(19866, 453.9, 311.9, 1),
(19867, 290.171, 317.324, 1),
(19868, 43.625, 314.833, 1),
(19869, 168.812, 321.016, 1),
(19870, 235.147, 316.775, 1),
(19871, 444.107, 319.5, 1),
(19872, 362.847, 319.929, 1),
(19873, 206.54, 321.84, 1),
(19874, 402.419, 323.027, 1),
(19875, 55.7787, 323.615, 1),
(19876, 106.156, 323.598, 1),
(19877, 251.064, 324.173, 1),
(19878, 387.187, 325.53, 1),
(19879, 334.571, 325.143, 1),
(19880, 324.604, 328.44, 1),
(19881, 428.045, 330.936, 1),
(19882, 264.436, 330.968, 1),
(19883, 368.354, 331.292, 1),
(19884, 218.179, 331.915, 1),
(19885, 231.765, 333.529, 1),
(19886, 78.3987, 334.057, 1),
(19887, 97.7396, 334.823, 1),
(19888, 273.434, 335.008, 1),
(19889, 285.155, 335.427, 1),
(19890, 404.1, 335.529, 1),
(19891, 345.962, 337.173, 1),
(19892, 113.973, 337.936, 1),
(19893, 417.851, 337.956, 1),
(19894, 331.455, 340.963, 1),
(19895, 4.2931, 339.534, 1),
(19896, 52.2895, 341.377, 1),
(19897, 398.476, 343.286, 1),
(19898, 297.926, 344.87, 1),
(19899, 376.399, 346.399, 1),
(19900, 26.5417, 347.188, 1),
(19901, 320.616, 346.384, 1),
(19902, 273.87, 347.391, 1),
(19903, 182.418, 348.844, 1),
(19904, 80.6481, 350.741, 1),
(19905, 454.329, 350.598, 1),
(19906, 214.5, 352.235, 1),
(19907, 54.5606, 353.076, 1),
(19908, 220.3, 28.38, 1),
(19909, 287.125, 29.2812, 1),
(19910, 241.5, 28, 1),
(19911, 273.2, 38.55, 1),
(19912, 246.4, 41.75, 1),
(19913, 222.167, 41.0333, 1),
(19914, 238.058, 45.8462, 1),
(19915, 301.868, 43.3421, 1),
(19916, 251.318, 45.6364, 1),
(19917, 276.735, 44.9706, 1),
(19918, 168.167, 47, 1),
(19919, 228.069, 52.0556, 1),
(19920, 247.071, 49.2619, 1),
(19921, 266.773, 49.0455, 1),
(19922, 161.5, 51, 1),
(19923, 235.962, 52.2692, 1),
(19924, 319.192, 57.8462, 1),
(19925, 204.95, 58.15, 1),
(19926, 231.538, 60.3077, 1),
(19927, 286.167, 58.1667, 1),
(19928, 225.093, 62.0185, 1),
(19929, 278.145, 63.5968, 1),
(19930, 294, 64.375, 1),
(19931, 326, 66.5, 1),
(19932, 234.932, 67.7432, 1),
(19933, 260.242, 68.5, 1),
(19934, 225.095, 70.0405, 1),
(19935, 332.115, 68.7308, 1),
(19936, 217.233, 70.7, 1),
(19937, 292.924, 71.8939, 1),
(19938, 300, 70, 1),
(19939, 336.038, 72.3462, 1),
(19940, 157.26, 73.66, 1),
(19941, 114.75, 73.5, 1),
(19942, 199.214, 74.75, 1),
(19943, 234.574, 76.2778, 1),
(19944, 190.643, 75.4286, 1),
(19945, 240.833, 76.3667, 1),
(19946, 111.062, 77.5, 1),
(19947, 225.62, 78.34, 1),
(19948, 290.344, 80.5, 1),
(19949, 184.423, 81.3846, 1),
(19950, 91.2143, 79.5, 1),
(19951, 99, 79, 1),
(19952, 217.3, 81.5667, 1),
(19953, 351.586, 83.7286, 1),
(19954, 148.192, 83.5769, 1),
(19955, 314.595, 83.5476, 1),
(19956, 140.962, 83.2692, 1),
(19957, 222.241, 86.3519, 1),
(19958, 297.364, 86.0909, 1),
(19959, 213.827, 88.4091, 1),
(19960, 326.658, 85.1316, 1),
(19961, 155.284, 88.3649, 1),
(19962, 258.604, 89.4375, 1),
(19963, 180, 86, 1),
(19964, 227.938, 87.625, 1),
(19965, 233.962, 88.2692, 1),
(19966, 245.071, 89.9286, 1),
(19967, 223.452, 93.7381, 1),
(19968, 209.793, 97.8448, 1),
(19969, 236.328, 93.0862, 1),
(19970, 249, 96.7368, 1),
(19971, 217.794, 95.5, 1),
(19972, 229.643, 95.9, 1),
(19973, 349.115, 96.9615, 1),
(19974, 241.4, 100.3, 1),
(19975, 167.538, 97.3077, 1),
(19976, 275.167, 97.1667, 1),
(19977, 315.463, 99.8704, 1),
(19978, 258.86, 100.5, 1),
(19979, 218.559, 100.912, 1),
(19980, 226.346, 100.577, 1),
(19981, 199.033, 105.033, 1),
(19982, 205.731, 104.962, 1),
(19983, 337.31, 104.357, 1),
(19984, 265.7, 103.9, 1),
(19985, 69.8636, 107.409, 1),
(19986, 76.1487, 110.514, 1),
(19987, 189.5, 107.312, 1),
(19988, 213.5, 106.722, 1),
(19989, 225.45, 107.65, 1),
(19990, 193.5, 108, 1),
(19991, 247.071, 108.31, 1),
(19992, 159.5, 110.682, 1),
(19993, 237.5, 110.894, 1),
(19994, 221.312, 110.75, 1),
(19995, 339.417, 113.556, 1),
(19996, 208.449, 115.987, 1),
(19997, 178.5, 116.403, 1),
(19998, 215.233, 115.4, 1),
(19999, 271.714, 114.357, 1),
(20000, 150.13, 115.315, 1),
(20001, 203, 115.5, 1),
(20002, 226.219, 118.438, 1),
(20003, 327.812, 117.062, 1),
(20004, 172.5, 118.1, 1),
(20005, 244.768, 121.354, 1),
(20006, 348.833, 118.167, 1),
(20007, 255.25, 121.3, 1),
(20008, 285.962, 119.577, 1),
(20009, 334.121, 123.293, 1),
(20010, 204.885, 122.654, 1),
(20011, 221.353, 124.882, 1),
(20012, 250, 123.5, 1),
(20013, 298.643, 123.214, 1),
(20014, 275.962, 124.115, 1),
(20015, 171.607, 126.036, 1),
(20016, 77.1667, 124.833, 1),
(20017, 84, 124.5, 1),
(20018, 139.333, 127.75, 1),
(20019, 299.272, 132.763, 1),
(20020, 106.237, 131.105, 1),
(20021, 126.846, 131.038, 1),
(20022, 194.038, 130.577, 1),
(20023, 255.929, 132.571, 1),
(20024, 81.6579, 134.184, 1),
(20025, 88.1, 133.75, 1),
(20026, 94.6364, 133.318, 1),
(20027, 242.818, 133.864, 1),
(20028, 291.875, 131.375, 1),
(20029, 198.852, 136.407, 1),
(20030, 330.7, 135.243, 1),
(20031, 76.8333, 138.167, 1),
(20032, 86.625, 139.312, 1),
(20033, 134.167, 140.667, 1),
(20034, 308.967, 139.7, 1),
(20035, 105.905, 140.365, 1),
(20036, 332.763, 140.237, 1),
(20037, 72.1111, 141.389, 1),
(20038, 45.125, 143.562, 1),
(20039, 322.864, 142.045, 1),
(20040, 190.308, 143.615, 1),
(20041, 241.286, 143.214, 1),
(20042, 211.833, 145.262, 1),
(20043, 273.917, 145.292, 1),
(20044, 263.3, 144.1, 1),
(20045, 76, 146.5, 1),
(20046, 178.441, 147.147, 1),
(20047, 249.962, 145.115, 1),
(20048, 71.8529, 149.735, 1),
(20049, 314.5, 150.3, 1),
(20050, 93.75, 150.625, 1),
(20051, 169.857, 151.357, 1),
(20052, 189.122, 154.824, 1),
(20053, 391.357, 153.357, 1),
(20054, 80.9091, 155.091, 1),
(20055, 179.577, 159.346, 1),
(20056, 197.722, 155.056, 1),
(20057, 311.75, 155.25, 1),
(20058, 70.5, 156, 1),
(20059, 118.122, 159.527, 1),
(20060, 105.848, 159.413, 1),
(20061, 187.595, 161.214, 1),
(20062, 195.769, 160.154, 1),
(20063, 36.5, 162.471, 1),
(20064, 167.444, 159.611, 1),
(20065, 44.2027, 163.095, 1),
(20066, 224.5, 162.667, 1),
(20067, 311.885, 165.654, 1),
(20068, 276, 165.688, 1),
(20069, 286.5, 165.5, 1),
(20070, 184.75, 166.5, 1),
(20071, 200.567, 167.167, 1),
(20072, 226.9, 166.7, 1),
(20073, 44.6, 170.1, 1),
(20074, 193.9, 169.4, 1),
(20075, 269.429, 175.661, 1),
(20076, 128.833, 170.5, 1),
(20077, 132.167, 170.5, 1),
(20078, 182, 170.75, 1),
(20079, 263.625, 170.875, 1),
(20080, 216.569, 173.672, 1),
(20081, 284.167, 173.306, 1),
(20082, 294.553, 172.763, 1),
(20083, 203.727, 176.182, 1),
(20084, 93.7381, 175.119, 1),
(20085, 192.315, 175.907, 1),
(20086, 294.595, 177.762, 1),
(20087, 261.083, 176.917, 1),
(20088, 214.444, 180.833, 1),
(20089, 304.318, 178.045, 1),
(20090, 195.689, 184.443, 1),
(20091, 274.929, 180.643, 1),
(20092, 201.346, 184.474, 1),
(20093, 249.633, 180.233, 1),
(20094, 258.243, 182.386, 1),
(20095, 109.5, 184, 1),
(20096, 304.125, 183.292, 1),
(20097, 219.625, 187, 1),
(20098, 284.971, 186.853, 1),
(20099, 312.5, 186, 1),
(20100, 212.038, 188.962, 1),
(20101, 316.019, 191.759, 1),
(20102, 37.6053, 190.5, 1),
(20103, 173, 188, 1),
(20104, 266.147, 191.735, 1),
(20105, 59.15, 189.75, 1),
(20106, 163.167, 189.433, 1),
(20107, 186.5, 190.115, 1),
(20108, 305.357, 192.119, 1),
(20109, 93.94, 192.74, 1),
(20110, 149.152, 192.761, 1),
(20111, 249.348, 193.015, 1),
(20112, 107.625, 192.625, 1),
(20113, 260.106, 196.288, 1),
(20114, 279.5, 194.5, 1),
(20115, 212.674, 194.37, 1),
(20116, 296.621, 198.197, 1),
(20117, 307.079, 198.316, 1),
(20118, 141.071, 196.929, 1),
(20119, 187, 195.833, 1),
(20120, 274.6, 196.8, 1),
(20121, 221.389, 196.778, 1),
(20122, 267.326, 198.283, 1),
(20123, 35.1875, 198.938, 1),
(20124, 218.176, 201.365, 1),
(20125, 254.3, 199.433, 1),
(20126, 291.9, 203.5, 1),
(20127, 272.851, 204.044, 1),
(20128, 282.4, 200.8, 1),
(20129, 316.278, 201.278, 1),
(20130, 48.4, 201.8, 1),
(20131, 54.8846, 202.038, 1),
(20132, 209.833, 202, 1),
(20133, 236.711, 203.868, 1),
(20134, 201.567, 203.7, 1),
(20135, 401.357, 204.071, 1),
(20136, 206.3, 204.8, 1),
(20137, 247.038, 205.577, 1),
(20138, 285.786, 205.786, 1),
(20139, 68.6818, 206.5, 1),
(20140, 230.278, 209.204, 1),
(20141, 280.5, 208, 1),
(20142, 307.553, 209.947, 1),
(20143, 253.857, 210.321, 1),
(20144, 393.658, 209.395, 1),
(20145, 266.688, 213.344, 1),
(20146, 316.839, 214.968, 1),
(20147, 355.5, 209.7, 1),
(20148, 293, 213.25, 1),
(20149, 240.967, 212.367, 1),
(20150, 413.654, 213.692, 1),
(20151, 383.5, 213, 1),
(20152, 151.942, 215.616, 1),
(20153, 281.048, 215.21, 1),
(20154, 342.729, 218.614, 1),
(20155, 408.7, 215.2, 1),
(20156, 273.5, 215, 1),
(20157, 338.7, 215.2, 1),
(20158, 349.962, 215.885, 1),
(20159, 355.1, 219.25, 1),
(20160, 117.682, 216.591, 1),
(20161, 362.944, 216.278, 1),
(20162, 258.05, 216.7, 1),
(20163, 384.5, 219.059, 1),
(20164, 285.269, 218.346, 1),
(20165, 375.95, 218.9, 1),
(20166, 214.607, 221.393, 1),
(20167, 297.382, 218.882, 1),
(20168, 401.333, 220.667, 1),
(20169, 309.278, 220.5, 1),
(20170, 147.429, 222.024, 1),
(20171, 245, 220.625, 1),
(20172, 416, 220.812, 1),
(20173, 279.776, 223.086, 1),
(20174, 333.706, 223.735, 1),
(20175, 362.75, 221.25, 1),
(20176, 184.625, 224.125, 1),
(20177, 254.654, 222.808, 1),
(20178, 266.643, 223.429, 1),
(20179, 289.5, 222, 1),
(20180, 312.071, 224.929, 1),
(20181, 323.5, 223.9, 1),
(20182, 379.618, 224.147, 1),
(20183, 132.269, 224.038, 1),
(20184, 165, 225, 1),
(20185, 364, 225.5, 1),
(20186, 73.2, 225.7, 1),
(20187, 94.1522, 228.37, 1),
(20188, 176.75, 228.455, 1),
(20189, 209.9, 228.15, 1),
(20190, 372.976, 226.5, 1),
(20191, 258.741, 229.534, 1),
(20192, 344.214, 229.043, 1),
(20193, 405.188, 226.562, 1),
(20194, 327.883, 229.968, 1),
(20195, 382.5, 228.167, 1),
(20196, 218.2, 228.4, 1),
(20197, 389.81, 229.776, 1),
(20198, 264.071, 235.679, 1),
(20199, 365.767, 230.367, 1),
(20200, 160.833, 231.083, 1),
(20201, 281.611, 231.056, 1),
(20202, 335.417, 233.375, 1),
(20203, 360.19, 232.707, 1),
(20204, 313.955, 233.227, 1),
(20205, 350.273, 233.773, 1),
(20206, 380.528, 235.083, 1),
(20207, 142.98, 235.26, 1),
(20208, 369.5, 234.333, 1),
(20209, 374, 236, 1),
(20210, 387.879, 235.362, 1),
(20211, 231.875, 235.125, 1),
(20212, 398.167, 234.167, 1),
(20213, 211.5, 236.3, 1),
(20214, 407.375, 235.875, 1),
(20215, 181.154, 237.923, 1),
(20216, 342.318, 237.409, 1),
(20217, 358.19, 239.638, 1),
(20218, 393.557, 239.271, 1),
(20219, 53.6765, 239.618, 1),
(20220, 103.7, 239.3, 1),
(20221, 200.667, 238.944, 1),
(20222, 327.147, 240.618, 1),
(20223, 348, 239.125, 1),
(20224, 170.083, 240.167, 1),
(20225, 209.094, 243.594, 1),
(20226, 368.63, 241.935, 1),
(20227, 402.5, 242, 1),
(20228, 193.056, 243.389, 1),
(20229, 257.167, 244.433, 1),
(20230, 303.357, 244.5, 1),
(20231, 354.176, 246.419, 1),
(20232, 202.5, 245.346, 1),
(20233, 312.5, 244.136, 1),
(20234, 382.367, 245.367, 1),
(20235, 109.269, 246.5, 1),
(20236, 167.115, 249.423, 1),
(20237, 183.204, 246.537, 1),
(20238, 45.5, 248.342, 1),
(20239, 73.2742, 249.79, 1),
(20240, 132.115, 248.346, 1),
(20241, 214.643, 248.214, 1),
(20242, 372.278, 248.944, 1),
(20243, 396.658, 249.921, 1),
(20244, 81.8684, 250.605, 1),
(20245, 208, 249.5, 1),
(20246, 194.947, 255.798, 1),
(20247, 268.389, 252.111, 1),
(20248, 295.54, 253.3, 1),
(20249, 314.821, 256.179, 1),
(20250, 76.22, 255.94, 1),
(20251, 401.821, 257.679, 1),
(20252, 42.5, 256.7, 1),
(20253, 302.333, 257.833, 1),
(20254, 209.352, 259.907, 1),
(20255, 411.28, 259.517, 1),
(20256, 326.812, 261.188, 1),
(20257, 423.9, 260.225, 1),
(20258, 110, 261.667, 1),
(20259, 162.542, 260.458, 1),
(20260, 297, 260, 1),
(20261, 53.1765, 265.088, 1),
(20262, 171.833, 260.433, 1),
(20263, 257, 260, 1),
(20264, 33.7632, 263.5, 1),
(20265, 215, 262.833, 1),
(20266, 396.071, 265.014, 1),
(20267, 42.9118, 267.265, 1),
(20268, 141.441, 264.853, 1),
(20269, 151.889, 264.611, 1),
(20270, 252, 265.607, 1),
(20271, 402.667, 264.333, 1),
(20272, 224.848, 267.413, 1),
(20273, 241.661, 266.661, 1),
(20274, 280.969, 265.875, 1),
(20275, 323.5, 265.115, 1),
(20276, 412.318, 266.318, 1),
(20277, 236.571, 268.643, 1),
(20278, 268.286, 268.357, 1),
(20279, 405.333, 270.133, 1),
(20280, 273.971, 269.147, 1),
(20281, 143.206, 271.735, 1),
(20282, 259.286, 270.143, 1),
(20283, 392.31, 270.929, 1),
(20284, 246.1, 271.4, 1),
(20285, 45.6846, 276.1, 1),
(20286, 203.912, 271.794, 1),
(20287, 253.37, 273.457, 1),
(20288, 354.674, 273.891, 1),
(20289, 108.583, 273.583, 1),
(20290, 413.05, 276.3, 1),
(20291, 176.654, 274.115, 1),
(20292, 260.433, 275.633, 1),
(20293, 399.438, 276.833, 1),
(20294, 225.406, 277.821, 1),
(20295, 244.5, 276.25, 1),
(20296, 291.833, 276.167, 1),
(20297, 408.912, 277.324, 1),
(20298, 238.5, 277, 1),
(20299, 249.786, 279.143, 1),
(20300, 98.3462, 279.5, 1),
(20301, 179.433, 279.567, 1),
(20302, 240.562, 281.562, 1),
(20303, 176.794, 284.147, 1),
(20304, 151.3, 283.8, 1),
(20305, 97.3718, 289.628, 1),
(20306, 170.5, 285.192, 1),
(20307, 252.143, 286.357, 1),
(20308, 299.242, 289.177, 1),
(20309, 144.643, 287.571, 1),
(20310, 203.029, 287.794, 1),
(20311, 400.722, 289.5, 1),
(20312, 415.01, 291.071, 1),
(20313, 177.688, 290.562, 1),
(20314, 91.9667, 290.767, 1),
(20315, 283.357, 291.357, 1),
(20316, 206.25, 294.25, 1),
(20317, 59.6818, 292.955, 1),
(20318, 111.441, 293.676, 1),
(20319, 245.167, 295.452, 1),
(20320, 266.136, 296.136, 1),
(20321, 362.026, 295.711, 1),
(20322, 286.038, 297.192, 1),
(20323, 164.6, 300.05, 1),
(20324, 338.818, 298.682, 1),
(20325, 103.333, 299.194, 1),
(20326, 135, 298, 1),
(20327, 251.184, 299.447, 1),
(20328, 222.656, 302.406, 1),
(20329, 231.038, 300.885, 1),
(20330, 159.26, 304.98, 1),
(20331, 103.714, 305.179, 1),
(20332, 256, 303.5, 1),
(20333, 278.864, 306.288, 1),
(20334, 322.119, 302.833, 1),
(20335, 378.654, 304.731, 1),
(20336, 79, 306, 1),
(20337, 269.19, 308.293, 1),
(20338, 75.2377, 313.189, 1),
(20339, 140.147, 307.912, 1),
(20340, 153.031, 309.875, 1),
(20341, 243.038, 307.885, 1),
(20342, 286.889, 309.278, 1),
(20343, 374.688, 310.875, 1),
(20344, 202.5, 311.5, 1),
(20345, 230.357, 310.571, 1),
(20346, 315.5, 311.5, 1),
(20347, 190.045, 315.182, 1),
(20348, 362.955, 313.318, 1),
(20349, 250.767, 314.967, 1),
(20350, 286.583, 313.667, 1),
(20351, 389.571, 313.643, 1),
(20352, 105.611, 316.278, 1),
(20353, 282.214, 316.071, 1),
(20354, 371.654, 321.977, 1),
(20355, 92.3947, 319.605, 1),
(20356, 222.25, 318.375, 1),
(20357, 227.136, 321.318, 1),
(20358, 292.135, 326.519, 1),
(20359, 296.9, 322.767, 1),
(20360, 361.667, 321.333, 1),
(20361, 80.119, 322.738, 1),
(20362, 215.7, 321.9, 1),
(20363, 338.5, 324, 1),
(20364, 56.3571, 326.393, 1),
(20365, 121.056, 323.889, 1),
(20366, 255.357, 324.714, 1),
(20367, 334.324, 325.676, 1),
(20368, 278.5, 325.786, 1),
(20369, 130.846, 326.346, 1),
(20370, 359.5, 325.5, 1),
(20371, 329.458, 329.875, 1),
(20372, 114.3, 330.567, 1),
(20373, 135.4, 330.5, 1),
(20374, 242.206, 331.147, 1),
(20375, 284.269, 329.346, 1),
(20376, 338.688, 331.312, 1),
(20377, 258, 332.333, 1),
(20378, 297.674, 334.152, 1),
(20379, 365.5, 332, 1),
(20380, 62.9444, 336.574, 1),
(20381, 279.962, 334.077, 1),
(20382, 364.125, 336.625, 1),
(20383, 71.95, 338.35, 1),
(20384, 89.875, 335.875, 1),
(20385, 133.232, 338.256, 1),
(20386, 284.333, 337.5, 1),
(20387, 344.35, 338.4, 1),
(20388, 168.3, 340.7, 1),
(20389, 144.955, 341.773, 1),
(20390, 153.4, 344.425, 1),
(20391, 216.167, 342.167, 1),
(20392, 270.306, 341.403, 1),
(20393, 76.125, 342.25, 1),
(20394, 160.333, 343, 1),
(20395, 196.567, 343.633, 1),
(20396, 109.857, 346.024, 1),
(20397, 268.886, 348.023, 1),
(20398, 346.447, 347.605, 1),
(20399, 72.7353, 347.324, 1),
(20400, 226, 349.5, 1),
(20401, 367.077, 349.885, 1),
(20402, 147.062, 355.917, 1),
(20403, 135.915, 355.012, 1),
(20404, 108.984, 353.952, 1),
(20405, 117.894, 355.045, 1),
(20406, 264.674, 355.543, 1),
(20407, 269.959, 359.795, 1),
(20408, 363.845, 357.759, 1),
(20409, 97, 354.5, 1),
(20410, 258.038, 357.423, 1),
(20411, 101.5, 357, 1),
(20412, 236.288, 361.652, 1),
(20413, 354, 360.5, 1),
(20414, 115.646, 363.159, 1),
(20415, 254.154, 361.846, 1),
(20416, 104.106, 362.258, 1),
(20417, 96.2333, 363.967, 1),
(20418, 228.755, 369.422, 1),
(20419, 150.906, 367.375, 1),
(20420, 250.071, 365.214, 1),
(20421, 259.457, 370.771, 1),
(20422, 275.367, 368.167, 1),
(20423, 342.5, 368, 1),
(20424, 269.857, 370.429, 1),
(20425, 238.5, 373, 1),
(20426, 286.567, 370.7, 1),
(20427, 318.143, 371.643, 1),
(20428, 244.3, 372.8, 1),
(20429, 328.885, 375.5, 1),
(20430, 153.109, 375.804, 1),
(20431, 133.431, 378.328, 1),
(20432, 224.429, 379.643, 1),
(20433, 285.5, 379.5, 1),
(20434, 214.167, 380.667, 1),
(20435, 314.143, 381.571, 1),
(20436, 320.143, 382.429, 1),
(20437, 241.125, 384.208, 1),
(20438, 234.125, 388.188, 1),
(20439, 240.705, 391.449, 1),
(20440, 285.605, 390.763, 1),
(20441, 211.167, 394.633, 1),
(20442, 250.924, 395.924, 1),
(20443, 122.111, 398.37, 1),
(20444, 140.976, 398.262, 1),
(20445, 244.5, 399, 1),
(20446, 166.409, 401.136, 1),
(20447, 125.553, 403.289, 1),
(20448, 251.583, 405.917, 1),
(20449, 255.1, 404.7, 1),
(20450, 190.537, 408.574, 1),
(20451, 178.759, 410.5, 1),
(20452, 284.845, 409.879, 1),
(20453, 248.538, 412.346, 1),
(20454, 268.55, 413.65, 1),
(20455, 229.533, 414.733, 1),
(20456, 233.404, 425.527, 1),
(20457, 228.444, 425, 1);

-- --------------------------------------------------------

--
-- Structure de la table `amasappartientmesure`
--

CREATE TABLE `amasappartientmesure` (
  `idAmas` int(10) UNSIGNED NOT NULL,
  `idMesure` int(10) UNSIGNED NOT NULL
) ENGINE=InnoDB DEFAULT CHARSET=utf8mb4;

--
-- Déchargement des données de la table `amasappartientmesure`
--

INSERT INTO `amasappartientmesure` (`idAmas`, `idMesure`) VALUES
(19339, 63),
(19340, 63),
(19341, 63),
(19342, 63),
(19343, 63),
(19344, 63),
(19345, 63),
(19346, 63),
(19347, 63),
(19348, 63),
(19349, 63),
(19350, 63),
(19351, 63),
(19352, 63),
(19353, 63),
(19354, 63),
(19355, 63),
(19356, 63),
(19357, 63),
(19358, 63),
(19359, 63),
(19360, 63),
(19361, 63),
(19362, 63),
(19363, 63),
(19364, 63),
(19365, 63),
(19366, 63),
(19367, 63),
(19368, 63),
(19369, 63),
(19370, 63),
(19371, 63),
(19372, 63),
(19373, 63),
(19374, 63),
(19375, 63),
(19376, 63),
(19377, 63),
(19378, 63),
(19379, 63),
(19380, 63),
(19381, 63),
(19382, 63),
(19383, 63),
(19384, 63),
(19385, 63),
(19386, 63),
(19387, 63),
(19388, 63),
(19389, 63),
(19390, 63),
(19391, 63),
(19392, 63),
(19393, 63),
(19394, 63),
(19395, 63),
(19396, 63),
(19397, 63),
(19398, 63),
(19399, 63),
(19400, 63),
(19401, 63),
(19402, 63),
(19403, 63),
(19404, 63),
(19405, 63),
(19406, 63),
(19407, 63),
(19408, 63),
(19409, 63),
(19410, 63),
(19411, 63),
(19412, 63),
(19413, 63),
(19414, 63),
(19415, 63),
(19416, 63),
(19417, 63),
(19418, 63),
(19419, 63),
(19420, 63),
(19421, 63),
(19422, 63),
(19423, 63),
(19424, 63),
(19425, 63),
(19426, 63),
(19427, 63),
(19428, 63),
(19429, 63),
(19430, 63),
(19431, 63),
(19432, 63),
(19433, 63),
(19434, 63),
(19435, 63),
(19436, 63),
(19437, 63),
(19438, 63),
(19439, 63),
(19440, 63),
(19441, 63),
(19442, 63),
(19443, 63),
(19444, 63),
(19445, 63),
(19446, 63),
(19447, 63),
(19448, 63),
(19449, 63),
(19450, 63),
(19451, 63),
(19452, 63),
(19453, 63),
(19454, 63),
(19455, 63),
(19456, 63),
(19457, 63),
(19458, 63),
(19459, 63),
(19460, 63),
(19461, 63),
(19462, 63),
(19463, 63),
(19464, 63),
(19465, 63),
(19466, 63),
(19467, 63),
(19468, 63),
(19469, 63),
(19470, 63),
(19471, 63),
(19472, 63),
(19473, 63),
(19474, 63),
(19475, 63),
(19476, 63),
(19477, 63),
(19478, 63),
(19479, 63),
(19480, 63),
(19481, 63),
(19482, 63),
(19483, 63),
(19484, 63),
(19485, 63),
(19486, 63),
(19487, 63),
(19488, 63),
(19489, 63),
(19490, 63),
(19491, 63),
(19492, 63),
(19493, 63),
(19494, 63),
(19495, 63),
(19496, 63),
(19497, 63),
(19498, 63),
(19499, 63),
(19500, 63),
(19501, 63),
(19502, 63),
(19503, 63),
(19504, 63),
(19505, 63),
(19506, 63),
(19507, 63),
(19508, 63),
(19509, 63),
(19510, 63),
(19511, 63),
(19512, 63),
(19513, 63),
(19514, 63),
(19515, 63),
(19516, 63),
(19517, 63),
(19518, 63),
(19519, 63),
(19520, 63),
(19521, 63),
(19522, 63),
(19523, 63),
(19524, 63),
(19525, 63),
(19526, 63),
(19527, 63),
(19528, 63),
(19529, 63),
(19530, 63),
(19531, 63),
(19532, 63),
(19533, 63),
(19534, 63),
(19535, 63),
(19536, 63),
(19537, 63),
(19538, 63),
(19539, 63),
(19540, 63),
(19541, 63),
(19542, 63),
(19543, 63),
(19544, 63),
(19545, 63),
(19546, 63),
(19547, 63),
(19548, 63),
(19549, 63),
(19550, 63),
(19551, 63),
(19552, 63),
(19553, 63),
(19554, 63),
(19555, 63),
(19556, 63),
(19557, 63),
(19558, 63),
(19559, 63),
(19560, 63),
(19561, 63),
(19562, 63),
(19563, 63),
(19564, 63),
(19565, 63),
(19566, 63),
(19567, 63),
(19568, 63),
(19569, 63),
(19570, 63),
(19571, 63),
(19572, 63),
(19573, 63),
(19574, 63),
(19575, 63),
(19576, 63),
(19577, 63),
(19578, 63),
(19579, 63),
(19580, 63),
(19581, 63),
(19582, 63),
(19583, 63),
(19584, 63),
(19585, 63),
(19586, 63),
(19587, 63),
(19588, 63),
(19589, 63),
(19590, 63),
(19591, 63),
(19592, 63),
(19593, 63),
(19594, 63),
(19595, 63),
(19596, 63),
(19597, 63),
(19598, 63),
(19599, 63),
(19600, 63),
(19601, 63),
(19602, 63),
(19603, 63),
(19604, 63),
(19605, 63),
(19606, 63),
(19607, 63),
(19608, 63),
(19609, 63),
(19610, 63),
(19611, 63),
(19612, 63),
(19613, 63),
(19614, 63),
(19615, 63),
(19616, 63),
(19617, 63),
(19618, 63),
(19619, 63),
(19620, 63),
(19621, 63),
(19622, 63),
(19623, 63),
(19624, 63),
(19625, 63),
(19626, 63),
(19627, 63),
(19628, 63),
(19629, 63),
(19630, 64),
(19631, 64),
(19632, 64),
(19633, 64),
(19634, 64),
(19635, 64),
(19636, 64),
(19637, 64),
(19638, 64),
(19639, 64),
(19640, 64),
(19641, 64),
(19642, 64),
(19643, 64),
(19644, 64),
(19645, 64),
(19646, 64),
(19647, 64),
(19648, 64),
(19649, 64),
(19650, 64),
(19651, 64),
(19652, 64),
(19653, 64),
(19654, 64),
(19655, 64),
(19656, 64),
(19657, 64),
(19658, 64),
(19659, 64),
(19660, 64),
(19661, 64),
(19662, 64),
(19663, 64),
(19664, 64),
(19665, 64),
(19666, 64),
(19667, 64),
(19668, 64),
(19669, 64),
(19670, 64),
(19671, 64),
(19672, 64),
(19673, 64),
(19674, 64),
(19675, 64),
(19676, 64),
(19677, 64),
(19678, 64),
(19679, 64),
(19680, 64),
(19681, 64),
(19682, 64),
(19683, 64),
(19684, 64),
(19685, 64),
(19686, 64),
(19687, 64),
(19688, 64),
(19689, 64),
(19690, 64),
(19691, 64),
(19692, 64),
(19693, 64),
(19694, 64),
(19695, 64),
(19696, 64),
(19697, 64),
(19698, 64),
(19699, 64),
(19700, 64),
(19701, 64),
(19702, 64),
(19703, 64),
(19704, 64),
(19705, 64),
(19706, 64),
(19707, 64),
(19708, 64),
(19709, 64),
(19710, 64),
(19711, 64),
(19712, 64),
(19713, 64),
(19714, 64),
(19715, 64),
(19716, 64),
(19717, 64),
(19718, 64),
(19719, 64),
(19720, 64),
(19721, 64),
(19722, 64),
(19723, 64),
(19724, 64),
(19725, 64),
(19726, 64),
(19727, 64),
(19728, 64),
(19729, 64),
(19730, 64),
(19731, 64),
(19732, 64),
(19733, 64),
(19734, 64),
(19735, 64),
(19736, 64),
(19737, 64),
(19738, 64),
(19739, 64),
(19740, 64),
(19741, 64),
(19742, 64),
(19743, 64),
(19744, 64),
(19745, 64),
(19746, 64),
(19747, 64),
(19748, 64),
(19749, 64),
(19750, 64),
(19751, 64),
(19752, 64),
(19753, 64),
(19754, 64),
(19755, 64),
(19756, 64),
(19757, 64),
(19758, 64),
(19759, 64),
(19760, 64),
(19761, 64),
(19762, 64),
(19763, 64),
(19764, 64),
(19765, 64),
(19766, 64),
(19767, 64),
(19768, 64),
(19769, 64),
(19770, 64),
(19771, 64),
(19772, 64),
(19773, 64),
(19774, 64),
(19775, 64),
(19776, 64),
(19777, 64),
(19778, 64),
(19779, 64),
(19780, 64),
(19781, 64),
(19782, 64),
(19783, 64),
(19784, 64),
(19785, 64),
(19786, 64),
(19787, 64),
(19788, 64),
(19789, 64),
(19790, 64),
(19791, 64),
(19792, 64),
(19793, 64),
(19794, 64),
(19795, 64),
(19796, 64),
(19797, 64),
(19798, 64),
(19799, 64),
(19800, 64),
(19801, 64),
(19802, 64),
(19803, 64),
(19804, 64),
(19805, 64),
(19806, 64),
(19807, 64),
(19808, 64),
(19809, 64),
(19810, 64),
(19811, 64),
(19812, 64),
(19813, 64),
(19814, 64),
(19815, 64),
(19816, 64),
(19817, 64),
(19818, 64),
(19819, 64),
(19820, 64),
(19821, 64),
(19822, 64),
(19823, 64),
(19824, 64),
(19825, 64),
(19826, 64),
(19827, 64),
(19828, 64),
(19829, 64),
(19830, 64),
(19831, 64),
(19832, 64),
(19833, 64),
(19834, 64),
(19835, 64),
(19836, 64),
(19837, 64),
(19838, 64),
(19839, 64),
(19840, 64),
(19841, 64),
(19842, 64),
(19843, 64),
(19844, 64),
(19845, 64),
(19846, 64),
(19847, 64),
(19848, 64),
(19849, 64),
(19850, 64),
(19851, 64),
(19852, 64),
(19853, 64),
(19854, 64),
(19855, 64),
(19856, 64),
(19857, 64),
(19858, 64),
(19859, 64),
(19860, 64),
(19861, 64),
(19862, 64),
(19863, 64),
(19864, 64),
(19865, 64),
(19866, 64),
(19867, 64),
(19868, 64),
(19869, 64),
(19870, 64),
(19871, 64),
(19872, 64),
(19873, 64),
(19874, 64),
(19875, 64),
(19876, 64),
(19877, 64),
(19878, 64),
(19879, 64),
(19880, 64),
(19881, 64),
(19882, 64),
(19883, 64),
(19884, 64),
(19885, 64),
(19886, 64),
(19887, 64),
(19888, 64),
(19889, 64),
(19890, 64),
(19891, 64),
(19892, 64),
(19893, 64),
(19894, 64),
(19895, 64),
(19896, 64),
(19897, 64),
(19898, 64),
(19899, 64),
(19900, 64),
(19901, 64),
(19902, 64),
(19903, 64),
(19904, 64),
(19905, 64),
(19906, 64),
(19907, 64),
(19908, 65),
(19909, 65),
(19910, 65),
(19911, 65),
(19912, 65),
(19913, 65),
(19914, 65),
(19915, 65),
(19916, 65),
(19917, 65),
(19918, 65),
(19919, 65),
(19920, 65),
(19921, 65),
(19922, 65),
(19923, 65),
(19924, 65),
(19925, 65),
(19926, 65),
(19927, 65),
(19928, 65),
(19929, 65),
(19930, 65),
(19931, 65),
(19932, 65),
(19933, 65),
(19934, 65),
(19935, 65),
(19936, 65),
(19937, 65),
(19938, 65),
(19939, 65),
(19940, 65),
(19941, 65),
(19942, 65),
(19943, 65),
(19944, 65),
(19945, 65),
(19946, 65),
(19947, 65),
(19948, 65),
(19949, 65),
(19950, 65),
(19951, 65),
(19952, 65),
(19953, 65),
(19954, 65),
(19955, 65),
(19956, 65),
(19957, 65),
(19958, 65),
(19959, 65),
(19960, 65),
(19961, 65),
(19962, 65),
(19963, 65),
(19964, 65),
(19965, 65),
(19966, 65),
(19967, 65),
(19968, 65),
(19969, 65),
(19970, 65),
(19971, 65),
(19972, 65),
(19973, 65),
(19974, 65),
(19975, 65),
(19976, 65),
(19977, 65),
(19978, 65),
(19979, 65),
(19980, 65),
(19981, 65),
(19982, 65),
(19983, 65),
(19984, 65),
(19985, 65),
(19986, 65),
(19987, 65),
(19988, 65),
(19989, 65),
(19990, 65),
(19991, 65),
(19992, 65),
(19993, 65),
(19994, 65),
(19995, 65),
(19996, 65),
(19997, 65),
(19998, 65),
(19999, 65),
(20000, 65),
(20001, 65),
(20002, 65),
(20003, 65),
(20004, 65),
(20005, 65),
(20006, 65),
(20007, 65),
(20008, 65),
(20009, 65),
(20010, 65),
(20011, 65),
(20012, 65),
(20013, 65),
(20014, 65),
(20015, 65),
(20016, 65),
(20017, 65),
(20018, 65),
(20019, 65),
(20020, 65),
(20021, 65),
(20022, 65),
(20023, 65),
(20024, 65),
(20025, 65),
(20026, 65),
(20027, 65),
(20028, 65),
(20029, 65),
(20030, 65),
(20031, 65),
(20032, 65),
(20033, 65),
(20034, 65),
(20035, 65),
(20036, 65),
(20037, 65),
(20038, 65),
(20039, 65),
(20040, 65),
(20041, 65),
(20042, 65),
(20043, 65),
(20044, 65),
(20045, 65),
(20046, 65),
(20047, 65),
(20048, 65),
(20049, 65),
(20050, 65),
(20051, 65),
(20052, 65),
(20053, 65),
(20054, 65),
(20055, 65),
(20056, 65),
(20057, 65),
(20058, 65),
(20059, 65),
(20060, 65),
(20061, 65),
(20062, 65),
(20063, 65),
(20064, 65),
(20065, 65),
(20066, 65),
(20067, 65),
(20068, 65),
(20069, 65),
(20070, 65),
(20071, 65),
(20072, 65),
(20073, 65),
(20074, 65),
(20075, 65),
(20076, 65),
(20077, 65),
(20078, 65),
(20079, 65),
(20080, 65),
(20081, 65),
(20082, 65),
(20083, 65),
(20084, 65),
(20085, 65),
(20086, 65),
(20087, 65),
(20088, 65),
(20089, 65),
(20090, 65),
(20091, 65),
(20092, 65),
(20093, 65),
(20094, 65),
(20095, 65),
(20096, 65),
(20097, 65),
(20098, 65),
(20099, 65),
(20100, 65),
(20101, 65),
(20102, 65),
(20103, 65),
(20104, 65),
(20105, 65),
(20106, 65),
(20107, 65),
(20108, 65),
(20109, 65),
(20110, 65),
(20111, 65),
(20112, 65),
(20113, 65),
(20114, 65),
(20115, 65),
(20116, 65),
(20117, 65),
(20118, 65),
(20119, 65),
(20120, 65),
(20121, 65),
(20122, 65),
(20123, 65),
(20124, 65),
(20125, 65),
(20126, 65),
(20127, 65),
(20128, 65),
(20129, 65),
(20130, 65),
(20131, 65),
(20132, 65),
(20133, 65),
(20134, 65),
(20135, 65),
(20136, 65),
(20137, 65),
(20138, 65),
(20139, 65),
(20140, 65),
(20141, 65),
(20142, 65),
(20143, 65),
(20144, 65),
(20145, 65),
(20146, 65),
(20147, 65),
(20148, 65),
(20149, 65),
(20150, 65),
(20151, 65),
(20152, 65),
(20153, 65),
(20154, 65),
(20155, 65),
(20156, 65),
(20157, 65),
(20158, 65),
(20159, 65),
(20160, 65),
(20161, 65),
(20162, 65),
(20163, 65),
(20164, 65),
(20165, 65),
(20166, 65),
(20167, 65),
(20168, 65),
(20169, 65),
(20170, 65),
(20171, 65),
(20172, 65),
(20173, 65),
(20174, 65),
(20175, 65),
(20176, 65),
(20177, 65),
(20178, 65),
(20179, 65),
(20180, 65),
(20181, 65),
(20182, 65),
(20183, 65),
(20184, 65),
(20185, 65),
(20186, 65),
(20187, 65),
(20188, 65),
(20189, 65),
(20190, 65),
(20191, 65),
(20192, 65),
(20193, 65),
(20194, 65),
(20195, 65),
(20196, 65),
(20197, 65),
(20198, 65),
(20199, 65),
(20200, 65),
(20201, 65),
(20202, 65),
(20203, 65),
(20204, 65),
(20205, 65),
(20206, 65),
(20207, 65),
(20208, 65),
(20209, 65),
(20210, 65),
(20211, 65),
(20212, 65),
(20213, 65),
(20214, 65),
(20215, 65),
(20216, 65),
(20217, 65),
(20218, 65),
(20219, 65),
(20220, 65),
(20221, 65),
(20222, 65),
(20223, 65),
(20224, 65),
(20225, 65),
(20226, 65),
(20227, 65),
(20228, 65),
(20229, 65),
(20230, 65),
(20231, 65),
(20232, 65),
(20233, 65),
(20234, 65),
(20235, 65),
(20236, 65),
(20237, 65),
(20238, 65),
(20239, 65),
(20240, 65),
(20241, 65),
(20242, 65),
(20243, 65),
(20244, 65),
(20245, 65),
(20246, 65),
(20247, 65),
(20248, 65),
(20249, 65),
(20250, 65),
(20251, 65),
(20252, 65),
(20253, 65),
(20254, 65),
(20255, 65),
(20256, 65),
(20257, 65),
(20258, 65),
(20259, 65),
(20260, 65),
(20261, 65),
(20262, 65),
(20263, 65),
(20264, 65),
(20265, 65),
(20266, 65),
(20267, 65),
(20268, 65),
(20269, 65),
(20270, 65),
(20271, 65),
(20272, 65),
(20273, 65),
(20274, 65),
(20275, 65),
(20276, 65),
(20277, 65),
(20278, 65),
(20279, 65),
(20280, 65),
(20281, 65),
(20282, 65),
(20283, 65),
(20284, 65),
(20285, 65),
(20286, 65),
(20287, 65),
(20288, 65),
(20289, 65),
(20290, 65),
(20291, 65),
(20292, 65),
(20293, 65),
(20294, 65),
(20295, 65),
(20296, 65),
(20297, 65),
(20298, 65),
(20299, 65),
(20300, 65),
(20301, 65),
(20302, 65),
(20303, 65),
(20304, 65),
(20305, 65),
(20306, 65),
(20307, 65),
(20308, 65),
(20309, 65),
(20310, 65),
(20311, 65),
(20312, 65),
(20313, 65),
(20314, 65),
(20315, 65),
(20316, 65),
(20317, 65),
(20318, 65),
(20319, 65),
(20320, 65),
(20321, 65),
(20322, 65),
(20323, 65),
(20324, 65),
(20325, 65),
(20326, 65),
(20327, 65),
(20328, 65),
(20329, 65),
(20330, 65),
(20331, 65),
(20332, 65),
(20333, 65),
(20334, 65),
(20335, 65),
(20336, 65),
(20337, 65),
(20338, 65),
(20339, 65),
(20340, 65),
(20341, 65),
(20342, 65),
(20343, 65),
(20344, 65),
(20345, 65),
(20346, 65),
(20347, 65),
(20348, 65),
(20349, 65),
(20350, 65),
(20351, 65),
(20352, 65),
(20353, 65),
(20354, 65),
(20355, 65),
(20356, 65),
(20357, 65),
(20358, 65),
(20359, 65),
(20360, 65),
(20361, 65),
(20362, 65),
(20363, 65),
(20364, 65),
(20365, 65),
(20366, 65),
(20367, 65),
(20368, 65),
(20369, 65),
(20370, 65),
(20371, 65),
(20372, 65),
(20373, 65),
(20374, 65),
(20375, 65),
(20376, 65),
(20377, 65),
(20378, 65),
(20379, 65),
(20380, 65),
(20381, 65),
(20382, 65),
(20383, 65),
(20384, 65),
(20385, 65),
(20386, 65),
(20387, 65),
(20388, 65),
(20389, 65),
(20390, 65),
(20391, 65),
(20392, 65),
(20393, 65),
(20394, 65),
(20395, 65),
(20396, 65),
(20397, 65),
(20398, 65),
(20399, 65),
(20400, 65),
(20401, 65),
(20402, 65),
(20403, 65),
(20404, 65),
(20405, 65),
(20406, 65),
(20407, 65),
(20408, 65),
(20409, 65),
(20410, 65),
(20411, 65),
(20412, 65),
(20413, 65),
(20414, 65),
(20415, 65),
(20416, 65),
(20417, 65),
(20418, 65),
(20419, 65),
(20420, 65),
(20421, 65),
(20422, 65),
(20423, 65),
(20424, 65),
(20425, 65),
(20426, 65),
(20427, 65),
(20428, 65),
(20429, 65),
(20430, 65),
(20431, 65),
(20432, 65),
(20433, 65),
(20434, 65),
(20435, 65),
(20436, 65),
(20437, 65),
(20438, 65),
(20439, 65),
(20440, 65),
(20441, 65),
(20442, 65),
(20443, 65),
(20444, 65),
(20445, 65),
(20446, 65),
(20447, 65),
(20448, 65),
(20449, 65),
(20450, 65),
(20451, 65),
(20452, 65),
(20453, 65),
(20454, 65),
(20455, 65),
(20456, 65),
(20457, 65);

-- --------------------------------------------------------

--
-- Structure de la table `campagne`
--

CREATE TABLE `campagne` (
  `idCampagne` int(10) UNSIGNED NOT NULL,
  `description` text DEFAULT NULL,
  `nom` varchar(30) DEFAULT NULL
) ENGINE=InnoDB DEFAULT CHARSET=utf8mb4;

--
-- Déchargement des données de la table `campagne`
--

INSERT INTO `campagne` (`idCampagne`, `description`, `nom`) VALUES
(11, 'Premier jour de tests', 'Première campagne');

-- --------------------------------------------------------

--
-- Structure de la table `campagnecontientessai`
--

CREATE TABLE `campagnecontientessai` (
  `idCampagne` int(10) UNSIGNED NOT NULL,
  `idEssai` int(10) UNSIGNED NOT NULL
) ENGINE=InnoDB DEFAULT CHARSET=utf8mb4;

--
-- Déchargement des données de la table `campagnecontientessai`
--

INSERT INTO `campagnecontientessai` (`idCampagne`, `idEssai`) VALUES
(11, 84),
(11, 85),
(11, 86);

-- --------------------------------------------------------

--
-- Structure de la table `essai`
--

CREATE TABLE `essai` (
  `idEssai` int(10) UNSIGNED NOT NULL,
  `date` datetime DEFAULT NULL,
  `description` text DEFAULT NULL
) ENGINE=InnoDB DEFAULT CHARSET=utf8mb4;

--
-- Déchargement des données de la table `essai`
--

INSERT INTO `essai` (`idEssai`, `date`, `description`) VALUES
(84, '2021-01-21 16:45:31', 'Essai 1'),
(85, '2021-01-21 16:45:45', 'Essai 2'),
(86, '2021-01-21 16:45:57', 'Essai 3');

-- --------------------------------------------------------

--
-- Structure de la table `essaicontientalgorithme`
--

CREATE TABLE `essaicontientalgorithme` (
  `idEssai` int(10) UNSIGNED NOT NULL,
  `idAlgorithme` int(10) UNSIGNED NOT NULL
) ENGINE=InnoDB DEFAULT CHARSET=utf8mb4;

--
-- Déchargement des données de la table `essaicontientalgorithme`
--

INSERT INTO `essaicontientalgorithme` (`idEssai`, `idAlgorithme`) VALUES
(84, 1),
(85, 2),
(86, 3);

-- --------------------------------------------------------

--
-- Structure de la table `essaicontientimage`
--

CREATE TABLE `essaicontientimage` (
  `idImage` int(10) UNSIGNED NOT NULL,
  `idEssai` int(10) UNSIGNED NOT NULL
) ENGINE=InnoDB DEFAULT CHARSET=utf8mb4;

--
-- Déchargement des données de la table `essaicontientimage`
--

INSERT INTO `essaicontientimage` (`idImage`, `idEssai`) VALUES
(22, 84),
(22, 85),
(23, 86);

-- --------------------------------------------------------

--
-- Structure de la table `essaicontientmesure`
--

CREATE TABLE `essaicontientmesure` (
  `idEssai` int(10) UNSIGNED NOT NULL,
  `idMesure` int(10) UNSIGNED NOT NULL
) ENGINE=InnoDB DEFAULT CHARSET=utf8mb4;

--
-- Déchargement des données de la table `essaicontientmesure`
--

INSERT INTO `essaicontientmesure` (`idEssai`, `idMesure`) VALUES
(84, 63),
(85, 64),
(86, 65);

-- --------------------------------------------------------

--
-- Structure de la table `image`
--

CREATE TABLE `image` (
  `idImage` int(10) UNSIGNED NOT NULL,
  `nom` varchar(200) DEFAULT NULL,
  `lienImage` varchar(300) DEFAULT NULL
) ENGINE=InnoDB DEFAULT CHARSET=utf8mb4;

--
-- Déchargement des données de la table `image`
--

INSERT INTO `image` (`idImage`, `nom`, `lienImage`) VALUES
(22, 'Capture.png', 'C:\\Users\\vitas\\git\\projet_cellule\\CelluleProjet\\Images\\Capture.png'),
(23, '40857431-bacilles-a-gram-negatif-la-coloration-de-gram-.jpg', 'C:\\Users\\vitas\\git\\projet_cellule\\CelluleProjet\\Images\\40857431-bacilles-a-gram-negatif-la-coloration-de-gram-.jpg');

-- --------------------------------------------------------

--
-- Structure de la table `mesure`
--

CREATE TABLE `mesure` (
  `idMesure` int(10) UNSIGNED NOT NULL
) ENGINE=InnoDB DEFAULT CHARSET=utf8mb4;

--
-- Déchargement des données de la table `mesure`
--

INSERT INTO `mesure` (`idMesure`) VALUES
(63),
(64),
(65);

-- --------------------------------------------------------

--
-- Structure de la table `mesureappartientimage`
--

CREATE TABLE `mesureappartientimage` (
  `idImage` int(10) UNSIGNED NOT NULL,
  `idMesure` int(10) UNSIGNED NOT NULL
) ENGINE=InnoDB DEFAULT CHARSET=utf8mb4;

--
-- Déchargement des données de la table `mesureappartientimage`
--

INSERT INTO `mesureappartientimage` (`idImage`, `idMesure`) VALUES
(22, 63),
(22, 64),
(23, 65);

-- --------------------------------------------------------

--
-- Structure de la table `utilisateur`
--

CREATE TABLE `utilisateur` (
  `idUtilisateur` int(10) UNSIGNED NOT NULL,
  `nom` varchar(30) DEFAULT NULL,
  `prenom` varchar(30) DEFAULT NULL,
  `userName` varchar(30) DEFAULT NULL,
  `motDePasse` varchar(100) DEFAULT NULL
) ENGINE=InnoDB DEFAULT CHARSET=utf8mb4;

--
-- Déchargement des données de la table `utilisateur`
--

INSERT INTO `utilisateur` (`idUtilisateur`, `nom`, `prenom`, `userName`, `motDePasse`) VALUES
(13, 'admin', 'admin', 'admin', 'YWRtaW4=');

-- --------------------------------------------------------

--
-- Structure de la table `utilisateureffectueessai`
--

CREATE TABLE `utilisateureffectueessai` (
  `idEssai` int(10) UNSIGNED NOT NULL,
  `idUtilisateur` int(10) UNSIGNED NOT NULL
) ENGINE=InnoDB DEFAULT CHARSET=utf8mb4;

--
-- Déchargement des données de la table `utilisateureffectueessai`
--

INSERT INTO `utilisateureffectueessai` (`idEssai`, `idUtilisateur`) VALUES
(84, 13),
(85, 13),
(86, 13);

-- --------------------------------------------------------

--
-- Structure de la table `utilisateurestadmin`
--

CREATE TABLE `utilisateurestadmin` (
  `idUtilisateur` int(10) UNSIGNED NOT NULL
) ENGINE=InnoDB DEFAULT CHARSET=utf8mb4;

--
-- Déchargement des données de la table `utilisateurestadmin`
--

INSERT INTO `utilisateurestadmin` (`idUtilisateur`) VALUES
(13);

--
-- Index pour les tables déchargées
--

--
-- Index pour la table `algorithme`
--
ALTER TABLE `algorithme`
  ADD PRIMARY KEY (`idAlgorithme`);

--
-- Index pour la table `amas`
--
ALTER TABLE `amas`
  ADD PRIMARY KEY (`idAmas`);

--
-- Index pour la table `amasappartientmesure`
--
ALTER TABLE `amasappartientmesure`
  ADD KEY `idAmas` (`idAmas`),
  ADD KEY `idMesure` (`idMesure`);

--
-- Index pour la table `campagne`
--
ALTER TABLE `campagne`
  ADD PRIMARY KEY (`idCampagne`);

--
-- Index pour la table `campagnecontientessai`
--
ALTER TABLE `campagnecontientessai`
  ADD KEY `idCampagne` (`idCampagne`),
  ADD KEY `idEssai` (`idEssai`);

--
-- Index pour la table `essai`
--
ALTER TABLE `essai`
  ADD PRIMARY KEY (`idEssai`);

--
-- Index pour la table `essaicontientalgorithme`
--
ALTER TABLE `essaicontientalgorithme`
  ADD KEY `idEssai` (`idEssai`),
  ADD KEY `idAlgorithme` (`idAlgorithme`);

--
-- Index pour la table `essaicontientimage`
--
ALTER TABLE `essaicontientimage`
  ADD KEY `idImage` (`idImage`),
  ADD KEY `idEssai` (`idEssai`);

--
-- Index pour la table `essaicontientmesure`
--
ALTER TABLE `essaicontientmesure`
  ADD KEY `idEssai` (`idEssai`),
  ADD KEY `idMesure` (`idMesure`);

--
-- Index pour la table `image`
--
ALTER TABLE `image`
  ADD PRIMARY KEY (`idImage`);

--
-- Index pour la table `mesure`
--
ALTER TABLE `mesure`
  ADD PRIMARY KEY (`idMesure`);

--
-- Index pour la table `mesureappartientimage`
--
ALTER TABLE `mesureappartientimage`
  ADD KEY `idImage` (`idImage`),
  ADD KEY `idMesure` (`idMesure`);

--
-- Index pour la table `utilisateur`
--
ALTER TABLE `utilisateur`
  ADD PRIMARY KEY (`idUtilisateur`);

--
-- Index pour la table `utilisateureffectueessai`
--
ALTER TABLE `utilisateureffectueessai`
  ADD KEY `idEssai` (`idEssai`),
  ADD KEY `idUtilisateur` (`idUtilisateur`);

--
-- Index pour la table `utilisateurestadmin`
--
ALTER TABLE `utilisateurestadmin`
  ADD KEY `idUtilisateur` (`idUtilisateur`);

--
-- AUTO_INCREMENT pour les tables déchargées
--

--
-- AUTO_INCREMENT pour la table `algorithme`
--
ALTER TABLE `algorithme`
  MODIFY `idAlgorithme` int(10) UNSIGNED NOT NULL AUTO_INCREMENT, AUTO_INCREMENT=4;

--
-- AUTO_INCREMENT pour la table `amas`
--
ALTER TABLE `amas`
  MODIFY `idAmas` int(10) UNSIGNED NOT NULL AUTO_INCREMENT, AUTO_INCREMENT=20458;

--
-- AUTO_INCREMENT pour la table `campagne`
--
ALTER TABLE `campagne`
  MODIFY `idCampagne` int(10) UNSIGNED NOT NULL AUTO_INCREMENT, AUTO_INCREMENT=12;

--
-- AUTO_INCREMENT pour la table `essai`
--
ALTER TABLE `essai`
  MODIFY `idEssai` int(10) UNSIGNED NOT NULL AUTO_INCREMENT, AUTO_INCREMENT=87;

--
-- AUTO_INCREMENT pour la table `image`
--
ALTER TABLE `image`
  MODIFY `idImage` int(10) UNSIGNED NOT NULL AUTO_INCREMENT, AUTO_INCREMENT=24;

--
-- AUTO_INCREMENT pour la table `mesure`
--
ALTER TABLE `mesure`
  MODIFY `idMesure` int(10) UNSIGNED NOT NULL AUTO_INCREMENT, AUTO_INCREMENT=66;

--
-- AUTO_INCREMENT pour la table `utilisateur`
--
ALTER TABLE `utilisateur`
  MODIFY `idUtilisateur` int(10) UNSIGNED NOT NULL AUTO_INCREMENT, AUTO_INCREMENT=15;

--
-- Contraintes pour les tables déchargées
--

--
-- Contraintes pour la table `amasappartientmesure`
--
ALTER TABLE `amasappartientmesure`
  ADD CONSTRAINT `amasappartientmesure_ibfk_1` FOREIGN KEY (`idAmas`) REFERENCES `amas` (`idAmas`),
  ADD CONSTRAINT `amasappartientmesure_ibfk_2` FOREIGN KEY (`idMesure`) REFERENCES `mesure` (`idMesure`);

--
-- Contraintes pour la table `campagnecontientessai`
--
ALTER TABLE `campagnecontientessai`
  ADD CONSTRAINT `campagnecontientessai_ibfk_1` FOREIGN KEY (`idCampagne`) REFERENCES `campagne` (`idCampagne`),
  ADD CONSTRAINT `campagnecontientessai_ibfk_2` FOREIGN KEY (`idEssai`) REFERENCES `essai` (`idEssai`);

--
-- Contraintes pour la table `essaicontientalgorithme`
--
ALTER TABLE `essaicontientalgorithme`
  ADD CONSTRAINT `essaicontientalgorithme_ibfk_1` FOREIGN KEY (`idEssai`) REFERENCES `essai` (`idEssai`),
  ADD CONSTRAINT `essaicontientalgorithme_ibfk_2` FOREIGN KEY (`idAlgorithme`) REFERENCES `algorithme` (`idAlgorithme`);

--
-- Contraintes pour la table `essaicontientimage`
--
ALTER TABLE `essaicontientimage`
  ADD CONSTRAINT `essaicontientimage_ibfk_1` FOREIGN KEY (`idImage`) REFERENCES `image` (`idImage`),
  ADD CONSTRAINT `essaicontientimage_ibfk_2` FOREIGN KEY (`idEssai`) REFERENCES `essai` (`idEssai`);

--
-- Contraintes pour la table `essaicontientmesure`
--
ALTER TABLE `essaicontientmesure`
  ADD CONSTRAINT `essaicontientmesure_ibfk_1` FOREIGN KEY (`idEssai`) REFERENCES `essai` (`idEssai`),
  ADD CONSTRAINT `essaicontientmesure_ibfk_2` FOREIGN KEY (`idMesure`) REFERENCES `mesure` (`idMesure`);

--
-- Contraintes pour la table `mesureappartientimage`
--
ALTER TABLE `mesureappartientimage`
  ADD CONSTRAINT `mesureappartientimage_ibfk_1` FOREIGN KEY (`idImage`) REFERENCES `image` (`idImage`),
  ADD CONSTRAINT `mesureappartientimage_ibfk_2` FOREIGN KEY (`idMesure`) REFERENCES `mesure` (`idMesure`);

--
-- Contraintes pour la table `utilisateureffectueessai`
--
ALTER TABLE `utilisateureffectueessai`
  ADD CONSTRAINT `utilisateureffectueessai_ibfk_1` FOREIGN KEY (`idEssai`) REFERENCES `essai` (`idEssai`),
  ADD CONSTRAINT `utilisateureffectueessai_ibfk_2` FOREIGN KEY (`idUtilisateur`) REFERENCES `utilisateur` (`idUtilisateur`);

--
-- Contraintes pour la table `utilisateurestadmin`
--
ALTER TABLE `utilisateurestadmin`
  ADD CONSTRAINT `utilisateurestadmin_ibfk_1` FOREIGN KEY (`idUtilisateur`) REFERENCES `utilisateur` (`idUtilisateur`);
COMMIT;

/*!40101 SET CHARACTER_SET_CLIENT=@OLD_CHARACTER_SET_CLIENT */;
/*!40101 SET CHARACTER_SET_RESULTS=@OLD_CHARACTER_SET_RESULTS */;
/*!40101 SET COLLATION_CONNECTION=@OLD_COLLATION_CONNECTION */;
