-- phpMyAdmin SQL Dump
-- version 5.0.2
-- https://www.phpmyadmin.net/
--
-- Hôte : 127.0.0.1
-- Généré le : mar. 19 jan. 2021 à 17:40
-- Version du serveur :  10.4.11-MariaDB
-- Version de PHP : 7.4.5

SET SQL_MODE = "NO_AUTO_VALUE_ON_ZERO";
START TRANSACTION;
SET time_zone = "+00:00";


/*!40101 SET @OLD_CHARACTER_SET_CLIENT=@@CHARACTER_SET_CLIENT */;
/*!40101 SET @OLD_CHARACTER_SET_RESULTS=@@CHARACTER_SET_RESULTS */;
/*!40101 SET @OLD_COLLATION_CONNECTION=@@COLLATION_CONNECTION */;
/*!40101 SET NAMES utf8mb4 */;

--
-- Base de données : `projetl2`
--

-- --------------------------------------------------------

--
-- Structure de la table `algorithme`
--

CREATE TABLE `algorithme` (
  `idAlgorithme` int(10) UNSIGNED NOT NULL,
  `nom` varchar(100) DEFAULT NULL,
  `description` text DEFAULT NULL
) ENGINE=InnoDB DEFAULT CHARSET=utf8mb4;

--
-- Déchargement des données de la table `algorithme`
--

INSERT INTO `algorithme` (`idAlgorithme`, `nom`, `description`) VALUES
(1, 'Analyse par seuillage et découpage', 'Transforme l\'image en niveau de gris, puis en image binaire. Enfin, il sépare un à un les différents noyaux détectés.'),
(2, 'Analyse par seuillage', 'Transforme l\'image en niveau de gris, puis en image binaire.'),
(3, 'Seuillage ovale pour microscope', 'Analyse une sélection ovale de l\'image, utile pour les images au microscope dans lesquelles on voit encore la lentille. Transforme ensuite en image binaire puis sépare les noyaux détectés.');

-- --------------------------------------------------------

--
-- Structure de la table `amas`
--

CREATE TABLE `amas` (
  `idAmas` int(10) UNSIGNED NOT NULL,
  `coordonnéeX` float DEFAULT NULL,
  `coordonnéeY` float DEFAULT NULL,
  `poids` int(50) NOT NULL
) ENGINE=InnoDB DEFAULT CHARSET=utf8mb4;

--
-- Déchargement des données de la table `amas`
--

INSERT INTO `amas` (`idAmas`, `coordonnéeX`, `coordonnéeY`, `poids`) VALUES
(18220, 442.738, 3.88095, 1),
(18221, 19.94, 7.1, 1),
(18222, 182.88, 8.4, 1),
(18223, 269.9, 8.5, 1),
(18224, 468.75, 9.625, 1),
(18225, 336.45, 13.55, 1),
(18226, 133.296, 14.1296, 1),
(18227, 286.306, 14.9516, 1),
(18228, 302.178, 18.4492, 1),
(18229, 434.203, 16.3378, 1),
(18230, 274.403, 18.9516, 1),
(18231, 234.981, 20.8704, 1),
(18232, 256.3, 24.2333, 1),
(18233, 311.875, 25.8438, 1),
(18234, 14.7571, 29.9571, 1),
(18235, 469.855, 30.0161, 1),
(18236, 258.515, 32.2846, 1),
(18237, 234.675, 35.45, 1),
(18238, 320.775, 36.6569, 1),
(18239, 393.064, 37.4818, 1),
(18240, 384.94, 36.82, 1),
(18241, 142.557, 38.9286, 1),
(18242, 280.062, 39.6042, 1),
(18243, 6, 41.5, 1),
(18244, 248.471, 46.5588, 1),
(18245, 309.69, 46.4483, 1),
(18246, 269.43, 49.0439, 1),
(18247, 334.771, 53.75, 1),
(18248, 316.528, 54.1667, 1),
(18249, 352.426, 55.4815, 1),
(18250, 118.846, 56.7885, 1),
(18251, 13.0806, 57.0806, 1),
(18252, 195.866, 58.7195, 1),
(18253, 49.5217, 61.3043, 1),
(18254, 444.5, 60.5, 1),
(18255, 369.569, 63.3793, 1),
(18256, 320.926, 63.3298, 1),
(18257, 306.966, 67.0862, 1),
(18258, 420.938, 66.5833, 1),
(18259, 22.74, 73.72, 1),
(18260, 345.348, 72.6087, 1),
(18261, 256.604, 76.6667, 1),
(18262, 237.803, 79.0909, 1),
(18263, 292.061, 78.0439, 1),
(18264, 230.144, 80.4111, 1),
(18265, 325.18, 80.58, 1),
(18266, 365.75, 82.8182, 1),
(18267, 410.16, 82.86, 1),
(18268, 301.944, 84.4683, 1),
(18269, 453.57, 86.9737, 1),
(18270, 338.426, 88.75, 1),
(18271, 129.66, 89.04, 1),
(18272, 425.75, 90.1, 1),
(18273, 469.33, 92.9468, 1),
(18274, 27.6875, 94.6875, 1),
(18275, 233.448, 94.2414, 1),
(18276, 384.357, 95.3571, 1),
(18277, 270.014, 96.8429, 1),
(18278, 353.567, 98.0556, 1),
(18279, 406.061, 100.325, 1),
(18280, 157.948, 101.948, 1),
(18281, 250, 103.141, 1),
(18282, 275.859, 102.603, 1),
(18283, 87.0667, 104.333, 1),
(18284, 416.951, 105.167, 1),
(18285, 320.72, 107.161, 1),
(18286, 386.581, 106.806, 1),
(18287, 102.476, 108.69, 1),
(18288, 182.643, 108.875, 1),
(18289, 195.167, 108.771, 1),
(18290, 82.9127, 111.611, 1),
(18291, 222.391, 114.344, 1),
(18292, 345.615, 113.904, 1),
(18293, 62.3529, 119.206, 1),
(18294, 234.628, 120.628, 1),
(18295, 9.36667, 122.567, 1),
(18296, 452.325, 123.377, 1),
(18297, 370.73, 124.008, 1),
(18298, 438.267, 123.433, 1),
(18299, 118.904, 125.728, 1),
(18300, 317.05, 127.267, 1),
(18301, 402.639, 127.111, 1),
(18302, 430.25, 128.594, 1),
(18303, 334.697, 131.061, 1),
(18304, 224.6, 129.567, 1),
(18305, 446.427, 136.354, 1),
(18306, 414.31, 140.238, 1),
(18307, 203.75, 143.583, 1),
(18308, 290.826, 143.128, 1),
(18309, 392.983, 143.15, 1),
(18310, 157.871, 144.097, 1),
(18311, 360, 144.5, 1),
(18312, 319.452, 145.984, 1),
(18313, 308.3, 147.575, 1),
(18314, 10.5857, 148.043, 1),
(18315, 122.397, 149.948, 1),
(18316, 333.149, 149.554, 1),
(18317, 291.924, 153.788, 1),
(18318, 127.712, 156.038, 1),
(18319, 183.462, 156.25, 1),
(18320, 341.981, 157.389, 1),
(18321, 465.679, 159.411, 1),
(18322, 145.839, 158.5, 1),
(18323, 197.134, 158.793, 1),
(18324, 303.946, 160.823, 1),
(18325, 443.214, 161.541, 1),
(18326, 117.446, 167.214, 1),
(18327, 285.086, 168.224, 1),
(18328, 366.355, 169.71, 1),
(18329, 161.633, 170.517, 1),
(18330, 330.792, 171.062, 1),
(18331, 32.4706, 170.529, 1),
(18332, 196.848, 172.457, 1),
(18333, 214.771, 172.833, 1),
(18334, 89.2174, 175.957, 1),
(18335, 302.325, 174.65, 1),
(18336, 346.5, 174.5, 1),
(18337, 320.989, 177.322, 1),
(18338, 398.892, 178.324, 1),
(18339, 120.65, 178.55, 1),
(18340, 41.55, 179.425, 1),
(18341, 268.675, 180.786, 1),
(18342, 360.321, 183, 1),
(18343, 288.463, 187.444, 1),
(18344, 252.095, 189.143, 1),
(18345, 302.615, 191.385, 1),
(18346, 114.826, 192.174, 1),
(18347, 129.963, 191.793, 1),
(18348, 79.9833, 194.35, 1),
(18349, 189.33, 194.032, 1),
(18350, 406, 195.833, 1),
(18351, 276.453, 198.734, 1),
(18352, 382.432, 198.025, 1),
(18353, 265.172, 199.216, 1),
(18354, 315.115, 200.669, 1),
(18355, 399.797, 199.635, 1),
(18356, 348.144, 202.11, 1),
(18357, 95.4643, 202.089, 1),
(18358, 295.971, 201.931, 1),
(18359, 423.25, 201.5, 1),
(18360, 18.6556, 205.278, 1),
(18361, 30.3611, 206.889, 1),
(18362, 153.156, 208.547, 1),
(18363, 335.361, 206.889, 1),
(18364, 404.833, 207.678, 1),
(18365, 269.529, 210.118, 1),
(18366, 85.4474, 212.079, 1),
(18367, 216.804, 211.674, 1),
(18368, 432.044, 213.559, 1),
(18369, 124.33, 213.521, 1),
(18370, 350.25, 213.417, 1),
(18371, 115.619, 215.071, 1),
(18372, 337.782, 214.397, 1),
(18373, 467.041, 215.73, 1),
(18374, 174.482, 217.939, 1),
(18375, 271.233, 217.9, 1),
(18376, 213.5, 218.674, 1),
(18377, 364.206, 220.574, 1),
(18378, 78.1216, 221.392, 1),
(18379, 385.528, 222.387, 1),
(18380, 329.885, 222.904, 1),
(18381, 27.7432, 223.473, 1),
(18382, 319.852, 224.315, 1),
(18383, 415.117, 223.567, 1),
(18384, 431.425, 225.575, 1),
(18385, 187.844, 226.359, 1),
(18386, 250.127, 226.331, 1),
(18387, 399.655, 227.19, 1),
(18388, 145.629, 229.048, 1),
(18389, 336.633, 229.953, 1),
(18390, 222.411, 230.211, 1),
(18391, 76.0909, 234.75, 1),
(18392, 199.393, 236.554, 1),
(18393, 406.56, 236.873, 1),
(18394, 148.321, 238.196, 1),
(18395, 48.0741, 241.222, 1),
(18396, 291.009, 241.079, 1),
(18397, 318.79, 241.645, 1),
(18398, 448.182, 242.693, 1),
(18399, 359.647, 242.485, 1),
(18400, 86.2021, 242.606, 1),
(18401, 270.167, 242.896, 1),
(18402, 18.3596, 244.763, 1),
(18403, 437.429, 246.452, 1),
(18404, 456.859, 246.936, 1),
(18405, 95.9364, 249.518, 1),
(18406, 203.989, 249.589, 1),
(18407, 296.486, 250.786, 1),
(18408, 223.7, 251.34, 1),
(18409, 43.9286, 254.286, 1),
(18410, 463.459, 253.929, 1),
(18411, 173.622, 256.418, 1),
(18412, 233.208, 259.889, 1),
(18413, 32.8111, 260.078, 1),
(18414, 206.583, 260, 1),
(18415, 438.017, 261.15, 1),
(18416, 359.64, 263.026, 1),
(18417, 450.55, 262.175, 1),
(18418, 8.3125, 264.188, 1),
(18419, 91.1667, 261.611, 1),
(18420, 244.439, 263.806, 1),
(18421, 470.104, 264.25, 1),
(18422, 97.9043, 266.862, 1),
(18423, 261.819, 266.053, 1),
(18424, 394.394, 266.585, 1),
(18425, 75.2143, 269.667, 1),
(18426, 387.259, 270.111, 1),
(18427, 136.322, 270.833, 1),
(18428, 283.37, 271.826, 1),
(18429, 222.5, 273.5, 1),
(18430, 426.809, 277.027, 1),
(18431, 39.0526, 278.316, 1),
(18432, 196.486, 280.569, 1),
(18433, 405.921, 280.377, 1),
(18434, 461.571, 278.452, 1),
(18435, 447.786, 280.982, 1),
(18436, 223.363, 283.461, 1),
(18437, 338.559, 284.529, 1),
(18438, 308.267, 285.826, 1),
(18439, 281.873, 288.696, 1),
(18440, 357, 287.632, 1),
(18441, 39.4365, 289.262, 1),
(18442, 445.069, 289.946, 1),
(18443, 63.6379, 291.017, 1),
(18444, 187.377, 290.746, 1),
(18445, 105.038, 291.154, 1),
(18446, 262.75, 289.75, 1),
(18447, 380.947, 294.649, 1),
(18448, 356.579, 295.316, 1),
(18449, 155.613, 296.425, 1),
(18450, 212.663, 296.942, 1),
(18451, 80.5893, 298.232, 1),
(18452, 177.08, 297.514, 1),
(18453, 427.941, 298.534, 1),
(18454, 256.217, 299.617, 1),
(18455, 263.625, 299.75, 1),
(18456, 371.616, 299.384, 1),
(18457, 320.1, 301.15, 1),
(18458, 337.617, 302.417, 1),
(18459, 391.265, 301.971, 1),
(18460, 17.1078, 303.814, 1),
(18461, 268.944, 306.532, 1),
(18462, 373.686, 308.314, 1),
(18463, 400.75, 304.75, 1),
(18464, 416.245, 307.422, 1),
(18465, 218.598, 309.768, 1),
(18466, 28.2826, 311.065, 1),
(18467, 334.229, 311.822, 1),
(18468, 453.9, 311.9, 1),
(18469, 290.171, 317.324, 1),
(18470, 43.625, 314.833, 1),
(18471, 169.636, 316.705, 1),
(18472, 235.147, 316.775, 1),
(18473, 444.107, 319.5, 1),
(18474, 362.847, 319.929, 1),
(18475, 206.54, 321.84, 1),
(18476, 402.419, 323.027, 1),
(18477, 55.7787, 323.615, 1),
(18478, 106.156, 323.598, 1),
(18479, 251.064, 324.173, 1),
(18480, 168, 325.152, 1),
(18481, 387.187, 325.53, 1),
(18482, 334.571, 325.143, 1),
(18483, 324.604, 328.44, 1),
(18484, 428.045, 330.936, 1),
(18485, 264.436, 330.968, 1),
(18486, 368.354, 331.292, 1),
(18487, 218.179, 331.915, 1),
(18488, 231.765, 333.529, 1),
(18489, 78.3987, 334.057, 1),
(18490, 97.7396, 334.823, 1),
(18491, 273.434, 335.008, 1),
(18492, 285.155, 335.427, 1),
(18493, 404.1, 335.529, 1),
(18494, 345.962, 337.173, 1),
(18495, 113.973, 337.936, 1),
(18496, 417.851, 337.956, 1),
(18497, 331.455, 340.963, 1),
(18498, 4.2931, 339.534, 1),
(18499, 52.2895, 341.377, 1),
(18500, 398.476, 343.286, 1),
(18501, 297.926, 344.87, 1),
(18502, 376.399, 346.399, 1),
(18503, 26.5417, 347.188, 1),
(18504, 320.616, 346.384, 1),
(18505, 273.87, 347.391, 1),
(18506, 182.418, 348.844, 1),
(18507, 80.6481, 350.741, 1),
(18508, 454.329, 350.598, 1),
(18509, 214.5, 352.235, 1),
(18510, 54.5606, 353.076, 1),
(18511, 220.3, 28.38, 1),
(18512, 287.125, 29.2812, 1),
(18513, 241.5, 28, 1),
(18514, 273.2, 38.55, 1),
(18515, 246.4, 41.75, 1),
(18516, 222.167, 41.0333, 1),
(18517, 238.058, 45.8462, 1),
(18518, 301.868, 43.3421, 1),
(18519, 251.318, 45.6364, 1),
(18520, 276.735, 44.9706, 1),
(18521, 168.167, 47, 1),
(18522, 228.069, 52.0556, 1),
(18523, 247.071, 49.2619, 1),
(18524, 266.773, 49.0455, 1),
(18525, 161.5, 51, 1),
(18526, 235.962, 52.2692, 1),
(18527, 319.192, 57.8462, 1),
(18528, 204.95, 58.15, 1),
(18529, 231.538, 60.3077, 1),
(18530, 286.167, 58.1667, 1),
(18531, 225.093, 62.0185, 1),
(18532, 278.145, 63.5968, 1),
(18533, 294, 64.375, 1),
(18534, 326, 66.5, 1),
(18535, 234.932, 67.7432, 1),
(18536, 260.242, 68.5, 1),
(18537, 225.095, 70.0405, 1),
(18538, 332.115, 68.7308, 1),
(18539, 217.233, 70.7, 1),
(18540, 292.924, 71.8939, 1),
(18541, 300, 70, 1),
(18542, 336.038, 72.3462, 1),
(18543, 157.26, 73.66, 1),
(18544, 114.75, 73.5, 1),
(18545, 199.214, 74.75, 1),
(18546, 234.574, 76.2778, 1),
(18547, 190.643, 75.4286, 1),
(18548, 240.833, 76.3667, 1),
(18549, 111.062, 77.5, 1),
(18550, 225.62, 78.34, 1),
(18551, 290.344, 80.5, 1),
(18552, 184.423, 81.3846, 1),
(18553, 91.2143, 79.5, 1),
(18554, 99, 79, 1),
(18555, 217.3, 81.5667, 1),
(18556, 351.586, 83.7286, 1),
(18557, 148.192, 83.5769, 1),
(18558, 314.595, 83.5476, 1),
(18559, 140.962, 83.2692, 1),
(18560, 222.241, 86.3519, 1),
(18561, 297.364, 86.0909, 1),
(18562, 213.827, 88.4091, 1),
(18563, 326.658, 85.1316, 1),
(18564, 155.284, 88.3649, 1),
(18565, 258.604, 89.4375, 1),
(18566, 180, 86, 1),
(18567, 227.938, 87.625, 1),
(18568, 233.962, 88.2692, 1),
(18569, 245.071, 89.9286, 1),
(18570, 223.452, 93.7381, 1),
(18571, 209.793, 97.8448, 1),
(18572, 236.328, 93.0862, 1),
(18573, 249, 96.7368, 1),
(18574, 217.794, 95.5, 1),
(18575, 229.643, 95.9, 1),
(18576, 349.115, 96.9615, 1),
(18577, 241.4, 100.3, 1),
(18578, 167.538, 97.3077, 1),
(18579, 275.167, 97.1667, 1),
(18580, 315.463, 99.8704, 1),
(18581, 258.86, 100.5, 1),
(18582, 218.559, 100.912, 1),
(18583, 226.346, 100.577, 1),
(18584, 199.033, 105.033, 1),
(18585, 205.731, 104.962, 1),
(18586, 337.31, 104.357, 1),
(18587, 265.7, 103.9, 1),
(18588, 69.8636, 107.409, 1),
(18589, 76.1487, 110.514, 1),
(18590, 189.5, 107.312, 1),
(18591, 213.5, 106.722, 1),
(18592, 225.45, 107.65, 1),
(18593, 193.5, 108, 1),
(18594, 247.071, 108.31, 1),
(18595, 159.5, 110.682, 1),
(18596, 237.5, 110.894, 1),
(18597, 221.312, 110.75, 1),
(18598, 339.417, 113.556, 1),
(18599, 208.449, 115.987, 1),
(18600, 178.5, 116.403, 1),
(18601, 215.233, 115.4, 1),
(18602, 271.714, 114.357, 1),
(18603, 150.13, 115.315, 1),
(18604, 203, 115.5, 1),
(18605, 226.219, 118.438, 1),
(18606, 327.812, 117.062, 1),
(18607, 172.5, 118.1, 1),
(18608, 244.768, 121.354, 1),
(18609, 348.833, 118.167, 1),
(18610, 255.25, 121.3, 1),
(18611, 285.962, 119.577, 1),
(18612, 334.121, 123.293, 1),
(18613, 204.885, 122.654, 1),
(18614, 221.353, 124.882, 1),
(18615, 250, 123.5, 1),
(18616, 298.643, 123.214, 1),
(18617, 275.962, 124.115, 1),
(18618, 171.607, 126.036, 1),
(18619, 77.1667, 124.833, 1),
(18620, 84, 124.5, 1),
(18621, 139.333, 127.75, 1),
(18622, 299.272, 132.763, 1),
(18623, 106.237, 131.105, 1),
(18624, 126.846, 131.038, 1),
(18625, 194.038, 130.577, 1),
(18626, 255.929, 132.571, 1),
(18627, 81.6579, 134.184, 1),
(18628, 88.1, 133.75, 1),
(18629, 94.6364, 133.318, 1),
(18630, 242.818, 133.864, 1),
(18631, 291.875, 131.375, 1),
(18632, 198.852, 136.407, 1),
(18633, 330.7, 135.243, 1),
(18634, 76.8333, 138.167, 1),
(18635, 86.625, 139.312, 1),
(18636, 134.167, 140.667, 1),
(18637, 308.967, 139.7, 1),
(18638, 105.905, 140.365, 1),
(18639, 332.763, 140.237, 1),
(18640, 72.1111, 141.389, 1),
(18641, 45.125, 143.562, 1),
(18642, 322.864, 142.045, 1),
(18643, 190.308, 143.615, 1),
(18644, 241.286, 143.214, 1),
(18645, 211.833, 145.262, 1),
(18646, 273.917, 145.292, 1),
(18647, 263.3, 144.1, 1),
(18648, 76, 146.5, 1),
(18649, 178.441, 147.147, 1),
(18650, 249.962, 145.115, 1),
(18651, 71.8529, 149.735, 1),
(18652, 314.5, 150.3, 1),
(18653, 93.75, 150.625, 1),
(18654, 169.857, 151.357, 1),
(18655, 189.122, 154.824, 1),
(18656, 391.357, 153.357, 1),
(18657, 80.9091, 155.091, 1),
(18658, 179.577, 159.346, 1),
(18659, 197.722, 155.056, 1),
(18660, 311.75, 155.25, 1),
(18661, 70.5, 156, 1),
(18662, 118.122, 159.527, 1),
(18663, 105.848, 159.413, 1),
(18664, 187.595, 161.214, 1),
(18665, 195.769, 160.154, 1),
(18666, 36.5, 162.471, 1),
(18667, 167.444, 159.611, 1),
(18668, 44.2027, 163.095, 1),
(18669, 224.5, 162.667, 1),
(18670, 311.885, 165.654, 1),
(18671, 276, 165.688, 1),
(18672, 286.5, 165.5, 1),
(18673, 184.75, 166.5, 1),
(18674, 200.567, 167.167, 1),
(18675, 226.9, 166.7, 1),
(18676, 44.6, 170.1, 1),
(18677, 193.9, 169.4, 1),
(18678, 269.429, 175.661, 1),
(18679, 128.833, 170.5, 1),
(18680, 132.167, 170.5, 1),
(18681, 182, 170.75, 1),
(18682, 263.625, 170.875, 1),
(18683, 216.569, 173.672, 1),
(18684, 284.167, 173.306, 1),
(18685, 294.553, 172.763, 1),
(18686, 203.727, 176.182, 1),
(18687, 93.7381, 175.119, 1),
(18688, 192.315, 175.907, 1),
(18689, 294.595, 177.762, 1),
(18690, 261.083, 176.917, 1),
(18691, 214.444, 180.833, 1),
(18692, 304.318, 178.045, 1),
(18693, 195.689, 184.443, 1),
(18694, 274.929, 180.643, 1),
(18695, 201.346, 184.474, 1),
(18696, 249.633, 180.233, 1),
(18697, 258.243, 182.386, 1),
(18698, 109.5, 184, 1),
(18699, 304.125, 183.292, 1),
(18700, 219.625, 187, 1),
(18701, 284.971, 186.853, 1),
(18702, 312.5, 186, 1),
(18703, 212.038, 188.962, 1),
(18704, 316.019, 191.759, 1),
(18705, 37.6053, 190.5, 1),
(18706, 173, 188, 1),
(18707, 266.147, 191.735, 1),
(18708, 59.15, 189.75, 1),
(18709, 163.167, 189.433, 1),
(18710, 186.5, 190.115, 1),
(18711, 305.357, 192.119, 1),
(18712, 93.94, 192.74, 1),
(18713, 149.152, 192.761, 1),
(18714, 249.348, 193.015, 1),
(18715, 107.625, 192.625, 1),
(18716, 260.106, 196.288, 1),
(18717, 279.5, 194.5, 1),
(18718, 212.674, 194.37, 1),
(18719, 296.621, 198.197, 1),
(18720, 307.079, 198.316, 1),
(18721, 141.071, 196.929, 1),
(18722, 187, 195.833, 1),
(18723, 274.6, 196.8, 1),
(18724, 221.389, 196.778, 1),
(18725, 267.326, 198.283, 1),
(18726, 35.1875, 198.938, 1),
(18727, 218.176, 201.365, 1),
(18728, 254.3, 199.433, 1),
(18729, 291.9, 203.5, 1),
(18730, 272.851, 204.044, 1),
(18731, 282.4, 200.8, 1),
(18732, 316.278, 201.278, 1),
(18733, 48.4, 201.8, 1),
(18734, 54.8846, 202.038, 1),
(18735, 209.833, 202, 1),
(18736, 236.711, 203.868, 1),
(18737, 201.567, 203.7, 1),
(18738, 401.357, 204.071, 1),
(18739, 206.3, 204.8, 1),
(18740, 247.038, 205.577, 1),
(18741, 285.786, 205.786, 1),
(18742, 68.6818, 206.5, 1),
(18743, 230.278, 209.204, 1),
(18744, 280.5, 208, 1),
(18745, 307.553, 209.947, 1),
(18746, 253.857, 210.321, 1),
(18747, 393.658, 209.395, 1),
(18748, 266.688, 213.344, 1),
(18749, 316.839, 214.968, 1),
(18750, 355.5, 209.7, 1),
(18751, 293, 213.25, 1),
(18752, 240.967, 212.367, 1),
(18753, 413.654, 213.692, 1),
(18754, 383.5, 213, 1),
(18755, 151.942, 215.616, 1),
(18756, 281.048, 215.21, 1),
(18757, 342.729, 218.614, 1),
(18758, 408.7, 215.2, 1),
(18759, 273.5, 215, 1),
(18760, 338.7, 215.2, 1),
(18761, 349.962, 215.885, 1),
(18762, 355.1, 219.25, 1),
(18763, 117.682, 216.591, 1),
(18764, 362.944, 216.278, 1),
(18765, 258.05, 216.7, 1),
(18766, 384.5, 219.059, 1),
(18767, 285.269, 218.346, 1),
(18768, 375.95, 218.9, 1),
(18769, 214.607, 221.393, 1),
(18770, 297.382, 218.882, 1),
(18771, 401.333, 220.667, 1),
(18772, 309.278, 220.5, 1),
(18773, 147.429, 222.024, 1),
(18774, 245, 220.625, 1),
(18775, 416, 220.812, 1),
(18776, 279.776, 223.086, 1),
(18777, 333.706, 223.735, 1),
(18778, 362.75, 221.25, 1),
(18779, 184.625, 224.125, 1),
(18780, 254.654, 222.808, 1),
(18781, 266.643, 223.429, 1),
(18782, 289.5, 222, 1),
(18783, 312.071, 224.929, 1),
(18784, 323.5, 223.9, 1),
(18785, 379.618, 224.147, 1),
(18786, 132.269, 224.038, 1),
(18787, 165, 225, 1),
(18788, 364, 225.5, 1),
(18789, 73.2, 225.7, 1),
(18790, 94.1522, 228.37, 1),
(18791, 176.75, 228.455, 1),
(18792, 209.9, 228.15, 1),
(18793, 372.976, 226.5, 1),
(18794, 258.741, 229.534, 1),
(18795, 344.214, 229.043, 1),
(18796, 405.188, 226.562, 1),
(18797, 327.883, 229.968, 1),
(18798, 382.5, 228.167, 1),
(18799, 218.2, 228.4, 1),
(18800, 389.81, 229.776, 1),
(18801, 264.071, 235.679, 1),
(18802, 365.767, 230.367, 1),
(18803, 160.833, 231.083, 1),
(18804, 281.611, 231.056, 1),
(18805, 335.417, 233.375, 1),
(18806, 360.19, 232.707, 1),
(18807, 313.955, 233.227, 1),
(18808, 350.273, 233.773, 1),
(18809, 380.528, 235.083, 1),
(18810, 142.98, 235.26, 1),
(18811, 369.5, 234.333, 1),
(18812, 374, 236, 1),
(18813, 387.879, 235.362, 1),
(18814, 231.875, 235.125, 1),
(18815, 398.167, 234.167, 1),
(18816, 211.5, 236.3, 1),
(18817, 407.375, 235.875, 1),
(18818, 181.154, 237.923, 1),
(18819, 342.318, 237.409, 1),
(18820, 358.19, 239.638, 1),
(18821, 393.557, 239.271, 1),
(18822, 53.6765, 239.618, 1),
(18823, 103.7, 239.3, 1),
(18824, 200.667, 238.944, 1),
(18825, 327.147, 240.618, 1),
(18826, 348, 239.125, 1),
(18827, 170.083, 240.167, 1),
(18828, 209.094, 243.594, 1),
(18829, 368.63, 241.935, 1),
(18830, 402.5, 242, 1),
(18831, 193.056, 243.389, 1),
(18832, 257.167, 244.433, 1),
(18833, 303.357, 244.5, 1),
(18834, 354.176, 246.419, 1),
(18835, 202.5, 245.346, 1),
(18836, 312.5, 244.136, 1),
(18837, 382.367, 245.367, 1),
(18838, 109.269, 246.5, 1),
(18839, 167.115, 249.423, 1),
(18840, 183.204, 246.537, 1),
(18841, 45.5, 248.342, 1),
(18842, 73.2742, 249.79, 1),
(18843, 132.115, 248.346, 1),
(18844, 214.643, 248.214, 1),
(18845, 372.278, 248.944, 1),
(18846, 396.658, 249.921, 1),
(18847, 81.8684, 250.605, 1),
(18848, 208, 249.5, 1),
(18849, 194.947, 255.798, 1),
(18850, 268.389, 252.111, 1),
(18851, 295.54, 253.3, 1),
(18852, 314.821, 256.179, 1),
(18853, 76.22, 255.94, 1),
(18854, 401.821, 257.679, 1),
(18855, 42.5, 256.7, 1),
(18856, 302.333, 257.833, 1),
(18857, 209.352, 259.907, 1),
(18858, 411.28, 259.517, 1),
(18859, 326.812, 261.188, 1),
(18860, 423.9, 260.225, 1),
(18861, 110, 261.667, 1),
(18862, 162.542, 260.458, 1),
(18863, 297, 260, 1),
(18864, 53.1765, 265.088, 1),
(18865, 171.833, 260.433, 1),
(18866, 257, 260, 1),
(18867, 33.7632, 263.5, 1),
(18868, 215, 262.833, 1),
(18869, 396.071, 265.014, 1),
(18870, 42.9118, 267.265, 1),
(18871, 141.441, 264.853, 1),
(18872, 151.889, 264.611, 1),
(18873, 252, 265.607, 1),
(18874, 402.667, 264.333, 1),
(18875, 224.848, 267.413, 1),
(18876, 241.661, 266.661, 1),
(18877, 280.969, 265.875, 1),
(18878, 323.5, 265.115, 1),
(18879, 412.318, 266.318, 1),
(18880, 236.571, 268.643, 1),
(18881, 268.286, 268.357, 1),
(18882, 405.333, 270.133, 1),
(18883, 273.971, 269.147, 1),
(18884, 143.206, 271.735, 1),
(18885, 259.286, 270.143, 1),
(18886, 392.31, 270.929, 1),
(18887, 246.1, 271.4, 1),
(18888, 45.6846, 276.1, 1),
(18889, 203.912, 271.794, 1),
(18890, 253.37, 273.457, 1),
(18891, 354.674, 273.891, 1),
(18892, 108.583, 273.583, 1),
(18893, 413.05, 276.3, 1),
(18894, 176.654, 274.115, 1),
(18895, 260.433, 275.633, 1),
(18896, 399.438, 276.833, 1),
(18897, 225.406, 277.821, 1),
(18898, 244.5, 276.25, 1),
(18899, 291.833, 276.167, 1),
(18900, 408.912, 277.324, 1),
(18901, 238.5, 277, 1),
(18902, 249.786, 279.143, 1),
(18903, 98.3462, 279.5, 1),
(18904, 179.433, 279.567, 1),
(18905, 240.562, 281.562, 1),
(18906, 176.794, 284.147, 1),
(18907, 151.3, 283.8, 1),
(18908, 97.3718, 289.628, 1),
(18909, 170.5, 285.192, 1),
(18910, 252.143, 286.357, 1),
(18911, 299.242, 289.177, 1),
(18912, 144.643, 287.571, 1),
(18913, 203.029, 287.794, 1),
(18914, 400.722, 289.5, 1),
(18915, 415.01, 291.071, 1),
(18916, 177.688, 290.562, 1),
(18917, 91.9667, 290.767, 1),
(18918, 283.357, 291.357, 1),
(18919, 206.25, 294.25, 1),
(18920, 59.6818, 292.955, 1),
(18921, 111.441, 293.676, 1),
(18922, 245.167, 295.452, 1),
(18923, 266.136, 296.136, 1),
(18924, 362.026, 295.711, 1),
(18925, 286.038, 297.192, 1),
(18926, 164.6, 300.05, 1),
(18927, 338.818, 298.682, 1),
(18928, 103.333, 299.194, 1),
(18929, 135, 298, 1),
(18930, 251.184, 299.447, 1),
(18931, 222.656, 302.406, 1),
(18932, 231.038, 300.885, 1),
(18933, 159.26, 304.98, 1),
(18934, 103.714, 305.179, 1),
(18935, 256, 303.5, 1),
(18936, 278.864, 306.288, 1),
(18937, 322.119, 302.833, 1),
(18938, 378.654, 304.731, 1),
(18939, 79, 306, 1),
(18940, 269.19, 308.293, 1),
(18941, 75.2377, 313.189, 1),
(18942, 140.147, 307.912, 1),
(18943, 153.031, 309.875, 1),
(18944, 243.038, 307.885, 1),
(18945, 286.889, 309.278, 1),
(18946, 374.688, 310.875, 1),
(18947, 202.5, 311.5, 1),
(18948, 230.357, 310.571, 1),
(18949, 315.5, 311.5, 1),
(18950, 190.045, 315.182, 1),
(18951, 362.955, 313.318, 1),
(18952, 250.767, 314.967, 1),
(18953, 286.583, 313.667, 1),
(18954, 389.571, 313.643, 1),
(18955, 105.611, 316.278, 1),
(18956, 282.214, 316.071, 1),
(18957, 371.654, 321.977, 1),
(18958, 92.3947, 319.605, 1),
(18959, 222.25, 318.375, 1),
(18960, 227.136, 321.318, 1),
(18961, 292.135, 326.519, 1),
(18962, 296.9, 322.767, 1),
(18963, 361.667, 321.333, 1),
(18964, 80.119, 322.738, 1),
(18965, 215.7, 321.9, 1),
(18966, 338.5, 324, 1),
(18967, 56.3571, 326.393, 1),
(18968, 121.056, 323.889, 1),
(18969, 255.357, 324.714, 1),
(18970, 334.324, 325.676, 1),
(18971, 278.5, 325.786, 1),
(18972, 130.846, 326.346, 1),
(18973, 359.5, 325.5, 1),
(18974, 329.458, 329.875, 1),
(18975, 114.3, 330.567, 1),
(18976, 135.4, 330.5, 1),
(18977, 242.206, 331.147, 1),
(18978, 284.269, 329.346, 1),
(18979, 338.688, 331.312, 1),
(18980, 258, 332.333, 1),
(18981, 297.674, 334.152, 1),
(18982, 365.5, 332, 1),
(18983, 62.9444, 336.574, 1),
(18984, 279.962, 334.077, 1),
(18985, 364.125, 336.625, 1),
(18986, 71.95, 338.35, 1),
(18987, 89.875, 335.875, 1),
(18988, 133.232, 338.256, 1),
(18989, 284.333, 337.5, 1),
(18990, 344.35, 338.4, 1),
(18991, 168.3, 340.7, 1),
(18992, 144.955, 341.773, 1),
(18993, 153.4, 344.425, 1),
(18994, 216.167, 342.167, 1),
(18995, 270.306, 341.403, 1),
(18996, 76.125, 342.25, 1),
(18997, 160.333, 343, 1),
(18998, 196.567, 343.633, 1),
(18999, 109.857, 346.024, 1),
(19000, 268.886, 348.023, 1),
(19001, 346.447, 347.605, 1),
(19002, 72.7353, 347.324, 1),
(19003, 226, 349.5, 1),
(19004, 367.077, 349.885, 1),
(19005, 147.062, 355.917, 1),
(19006, 135.915, 355.012, 1),
(19007, 108.984, 353.952, 1),
(19008, 117.894, 355.045, 1),
(19009, 264.674, 355.543, 1),
(19010, 269.959, 359.795, 1),
(19011, 363.845, 357.759, 1),
(19012, 97, 354.5, 1),
(19013, 258.038, 357.423, 1),
(19014, 101.5, 357, 1),
(19015, 236.288, 361.652, 1),
(19016, 354, 360.5, 1),
(19017, 115.646, 363.159, 1),
(19018, 254.154, 361.846, 1),
(19019, 104.106, 362.258, 1),
(19020, 96.2333, 363.967, 1),
(19021, 228.755, 369.422, 1),
(19022, 150.906, 367.375, 1),
(19023, 250.071, 365.214, 1),
(19024, 259.457, 370.771, 1),
(19025, 275.367, 368.167, 1),
(19026, 342.5, 368, 1),
(19027, 269.857, 370.429, 1),
(19028, 238.5, 373, 1),
(19029, 286.567, 370.7, 1),
(19030, 318.143, 371.643, 1),
(19031, 244.3, 372.8, 1),
(19032, 328.885, 375.5, 1),
(19033, 153.109, 375.804, 1),
(19034, 133.431, 378.328, 1),
(19035, 224.429, 379.643, 1),
(19036, 285.5, 379.5, 1),
(19037, 214.167, 380.667, 1),
(19038, 314.143, 381.571, 1),
(19039, 320.143, 382.429, 1),
(19040, 241.125, 384.208, 1),
(19041, 234.125, 388.188, 1),
(19042, 240.705, 391.449, 1),
(19043, 285.605, 390.763, 1),
(19044, 211.167, 394.633, 1),
(19045, 250.924, 395.924, 1),
(19046, 122.111, 398.37, 1),
(19047, 140.976, 398.262, 1),
(19048, 244.5, 399, 1),
(19049, 166.409, 401.136, 1),
(19050, 125.553, 403.289, 1),
(19051, 251.583, 405.917, 1),
(19052, 255.1, 404.7, 1),
(19053, 190.537, 408.574, 1),
(19054, 178.759, 410.5, 1),
(19055, 284.845, 409.879, 1),
(19056, 248.538, 412.346, 1),
(19057, 268.55, 413.65, 1),
(19058, 229.533, 414.733, 1),
(19059, 233.404, 425.527, 1),
(19060, 228.444, 425, 1),
(19061, 442.738, 3.88095, 1),
(19062, 19.94, 7.1, 1),
(19063, 182.88, 8.4, 1),
(19064, 269.9, 8.5, 1),
(19065, 468.75, 9.625, 1),
(19066, 336.45, 13.55, 1),
(19067, 133.296, 14.1296, 1),
(19068, 286.306, 14.9516, 1),
(19069, 302.178, 18.4492, 1),
(19070, 434.203, 16.3378, 1),
(19071, 274.403, 18.9516, 1),
(19072, 234.981, 20.8704, 1),
(19073, 257.742, 29.6515, 1),
(19074, 311.875, 25.8438, 1),
(19075, 14.7571, 29.9571, 1),
(19076, 469.855, 30.0161, 1),
(19077, 234.675, 35.45, 1),
(19078, 320.775, 36.6569, 1),
(19079, 393.064, 37.4818, 1),
(19080, 384.94, 36.82, 1),
(19081, 142.557, 38.9286, 1),
(19082, 280.062, 39.6042, 1),
(19083, 6, 41.5, 1),
(19084, 248.471, 46.5588, 1),
(19085, 309.69, 46.4483, 1),
(19086, 269.43, 49.0439, 1),
(19087, 334.771, 53.75, 1),
(19088, 316.528, 54.1667, 1),
(19089, 352.426, 55.4815, 1),
(19090, 118.846, 56.7885, 1),
(19091, 13.0806, 57.0806, 1),
(19092, 195.866, 58.7195, 1),
(19093, 49.5217, 61.3043, 1),
(19094, 444.5, 60.5, 1),
(19095, 369.569, 63.3793, 1),
(19096, 320.926, 63.3298, 1),
(19097, 306.966, 67.0862, 1),
(19098, 420.938, 66.5833, 1),
(19099, 22.74, 73.72, 1),
(19100, 345.348, 72.6087, 1),
(19101, 256.604, 76.6667, 1),
(19102, 234.677, 79.6327, 1),
(19103, 292.061, 78.0439, 1),
(19104, 325.18, 80.58, 1),
(19105, 365.75, 82.8182, 1),
(19106, 410.16, 82.86, 1),
(19107, 301.944, 84.4683, 1),
(19108, 453.57, 86.9737, 1),
(19109, 338.426, 88.75, 1),
(19110, 129.66, 89.04, 1),
(19111, 425.75, 90.1, 1),
(19112, 469.33, 92.9468, 1),
(19113, 27.6875, 94.6875, 1),
(19114, 233.448, 94.2414, 1),
(19115, 384.357, 95.3571, 1),
(19116, 273.097, 99.8506, 1),
(19117, 353.567, 98.0556, 1),
(19118, 406.061, 100.325, 1),
(19119, 157.948, 101.948, 1),
(19120, 250, 103.141, 1),
(19121, 84.3041, 109.17, 1),
(19122, 416.951, 105.167, 1),
(19123, 320.72, 107.161, 1),
(19124, 386.581, 106.806, 1),
(19125, 102.476, 108.69, 1),
(19126, 182.643, 108.875, 1),
(19127, 195.167, 108.771, 1),
(19128, 222.391, 114.344, 1),
(19129, 345.615, 113.904, 1),
(19130, 62.3529, 119.206, 1),
(19131, 234.628, 120.628, 1),
(19132, 9.36667, 122.567, 1),
(19133, 452.325, 123.377, 1),
(19134, 370.73, 124.008, 1),
(19135, 438.267, 123.433, 1),
(19136, 118.904, 125.728, 1),
(19137, 317.05, 127.267, 1),
(19138, 402.639, 127.111, 1),
(19139, 430.25, 128.594, 1),
(19140, 334.697, 131.061, 1),
(19141, 224.6, 129.567, 1),
(19142, 446.427, 136.354, 1),
(19143, 414.31, 140.238, 1),
(19144, 203.75, 143.583, 1),
(19145, 290.826, 143.128, 1),
(19146, 392.983, 143.15, 1),
(19147, 157.871, 144.097, 1),
(19148, 360, 144.5, 1),
(19149, 319.452, 145.984, 1),
(19150, 308.3, 147.575, 1),
(19151, 10.5857, 148.043, 1),
(19152, 122.397, 149.948, 1),
(19153, 333.149, 149.554, 1),
(19154, 291.924, 153.788, 1),
(19155, 127.712, 156.038, 1),
(19156, 183.462, 156.25, 1),
(19157, 341.981, 157.389, 1),
(19158, 465.679, 159.411, 1),
(19159, 145.839, 158.5, 1),
(19160, 197.134, 158.793, 1),
(19161, 303.946, 160.823, 1),
(19162, 443.214, 161.541, 1),
(19163, 117.446, 167.214, 1),
(19164, 285.086, 168.224, 1),
(19165, 366.355, 169.71, 1),
(19166, 161.633, 170.517, 1),
(19167, 330.792, 171.062, 1),
(19168, 32.4706, 170.529, 1),
(19169, 196.848, 172.457, 1),
(19170, 214.771, 172.833, 1),
(19171, 89.2174, 175.957, 1),
(19172, 302.325, 174.65, 1),
(19173, 346.5, 174.5, 1),
(19174, 320.989, 177.322, 1),
(19175, 398.892, 178.324, 1),
(19176, 120.65, 178.55, 1),
(19177, 41.55, 179.425, 1),
(19178, 268.675, 180.786, 1),
(19179, 360.321, 183, 1),
(19180, 288.463, 187.444, 1),
(19181, 252.095, 189.143, 1),
(19182, 302.615, 191.385, 1),
(19183, 114.826, 192.174, 1),
(19184, 129.963, 191.793, 1),
(19185, 79.9833, 194.35, 1),
(19186, 189.33, 194.032, 1),
(19187, 402.855, 197.737, 1),
(19188, 276.453, 198.734, 1),
(19189, 382.432, 198.025, 1),
(19190, 265.172, 199.216, 1),
(19191, 315.115, 200.669, 1),
(19192, 348.144, 202.11, 1),
(19193, 95.4643, 202.089, 1),
(19194, 295.971, 201.931, 1),
(19195, 423.25, 201.5, 1),
(19196, 18.6556, 205.278, 1),
(19197, 30.3611, 206.889, 1),
(19198, 153.156, 208.547, 1),
(19199, 335.361, 206.889, 1),
(19200, 404.833, 207.678, 1),
(19201, 269.529, 210.118, 1),
(19202, 85.4474, 212.079, 1),
(19203, 216.804, 211.674, 1),
(19204, 432.044, 213.559, 1),
(19205, 124.33, 213.521, 1),
(19206, 350.25, 213.417, 1),
(19207, 115.619, 215.071, 1),
(19208, 337.782, 214.397, 1),
(19209, 467.041, 215.73, 1),
(19210, 174.482, 217.939, 1),
(19211, 271.233, 217.9, 1),
(19212, 213.5, 218.674, 1),
(19213, 364.206, 220.574, 1),
(19214, 78.1216, 221.392, 1),
(19215, 385.528, 222.387, 1),
(19216, 333.867, 227.047, 1),
(19217, 27.7432, 223.473, 1),
(19218, 319.852, 224.315, 1),
(19219, 415.117, 223.567, 1),
(19220, 431.425, 225.575, 1),
(19221, 187.844, 226.359, 1),
(19222, 250.127, 226.331, 1),
(19223, 399.655, 227.19, 1),
(19224, 145.629, 229.048, 1),
(19225, 222.411, 230.211, 1),
(19226, 76.0909, 234.75, 1),
(19227, 199.393, 236.554, 1),
(19228, 406.56, 236.873, 1),
(19229, 148.321, 238.196, 1),
(19230, 48.0741, 241.222, 1),
(19231, 291.009, 241.079, 1),
(19232, 318.79, 241.645, 1),
(19233, 450.962, 243.992, 1),
(19234, 359.647, 242.485, 1),
(19235, 86.2021, 242.606, 1),
(19236, 270.167, 242.896, 1),
(19237, 18.3596, 244.763, 1),
(19238, 437.429, 246.452, 1),
(19239, 95.9364, 249.518, 1),
(19240, 203.989, 249.589, 1),
(19241, 296.486, 250.786, 1),
(19242, 223.7, 251.34, 1),
(19243, 43.9286, 254.286, 1),
(19244, 463.459, 253.929, 1),
(19245, 173.622, 256.418, 1),
(19246, 233.208, 259.889, 1),
(19247, 32.8111, 260.078, 1),
(19248, 206.583, 260, 1),
(19249, 438.017, 261.15, 1),
(19250, 359.64, 263.026, 1),
(19251, 450.55, 262.175, 1),
(19252, 8.3125, 264.188, 1),
(19253, 91.1667, 261.611, 1),
(19254, 244.439, 263.806, 1),
(19255, 470.104, 264.25, 1),
(19256, 97.9043, 266.862, 1),
(19257, 261.819, 266.053, 1),
(19258, 390.619, 268.463, 1),
(19259, 75.2143, 269.667, 1),
(19260, 136.322, 270.833, 1),
(19261, 283.37, 271.826, 1),
(19262, 222.5, 273.5, 1),
(19263, 426.809, 277.027, 1),
(19264, 39.0526, 278.316, 1),
(19265, 196.486, 280.569, 1),
(19266, 405.921, 280.377, 1),
(19267, 461.571, 278.452, 1),
(19268, 446.325, 285.754, 1),
(19269, 223.363, 283.461, 1),
(19270, 338.559, 284.529, 1),
(19271, 308.267, 285.826, 1),
(19272, 281.873, 288.696, 1),
(19273, 356.8, 291.475, 1),
(19274, 39.4365, 289.262, 1),
(19275, 63.6379, 291.017, 1),
(19276, 187.377, 290.746, 1),
(19277, 105.038, 291.154, 1),
(19278, 262.75, 289.75, 1),
(19279, 380.947, 294.649, 1),
(19280, 155.613, 296.425, 1),
(19281, 212.663, 296.942, 1),
(19282, 80.5893, 298.232, 1),
(19283, 177.08, 297.514, 1),
(19284, 427.941, 298.534, 1),
(19285, 262.916, 302.413, 1),
(19286, 371.616, 299.384, 1),
(19287, 320.1, 301.15, 1),
(19288, 337.617, 302.417, 1),
(19289, 391.265, 301.971, 1),
(19290, 17.1078, 303.814, 1),
(19291, 373.686, 308.314, 1),
(19292, 400.75, 304.75, 1),
(19293, 416.245, 307.422, 1),
(19294, 218.598, 309.768, 1),
(19295, 28.2826, 311.065, 1),
(19296, 334.229, 311.822, 1),
(19297, 453.9, 311.9, 1),
(19298, 290.171, 317.324, 1),
(19299, 43.625, 314.833, 1),
(19300, 168.812, 321.016, 1),
(19301, 235.147, 316.775, 1),
(19302, 444.107, 319.5, 1),
(19303, 362.847, 319.929, 1),
(19304, 206.54, 321.84, 1),
(19305, 402.419, 323.027, 1),
(19306, 55.7787, 323.615, 1),
(19307, 106.156, 323.598, 1),
(19308, 251.064, 324.173, 1),
(19309, 387.187, 325.53, 1),
(19310, 334.571, 325.143, 1),
(19311, 324.604, 328.44, 1),
(19312, 428.045, 330.936, 1),
(19313, 264.436, 330.968, 1),
(19314, 368.354, 331.292, 1),
(19315, 218.179, 331.915, 1),
(19316, 231.765, 333.529, 1),
(19317, 78.3987, 334.057, 1),
(19318, 97.7396, 334.823, 1),
(19319, 273.434, 335.008, 1),
(19320, 285.155, 335.427, 1),
(19321, 404.1, 335.529, 1),
(19322, 345.962, 337.173, 1),
(19323, 113.973, 337.936, 1),
(19324, 417.851, 337.956, 1),
(19325, 331.455, 340.963, 1),
(19326, 4.2931, 339.534, 1),
(19327, 52.2895, 341.377, 1),
(19328, 398.476, 343.286, 1),
(19329, 297.926, 344.87, 1),
(19330, 376.399, 346.399, 1),
(19331, 26.5417, 347.188, 1),
(19332, 320.616, 346.384, 1),
(19333, 273.87, 347.391, 1),
(19334, 182.418, 348.844, 1),
(19335, 80.6481, 350.741, 1),
(19336, 454.329, 350.598, 1),
(19337, 214.5, 352.235, 1),
(19338, 54.5606, 353.076, 1);

-- --------------------------------------------------------

--
-- Structure de la table `amasappartientmesure`
--

CREATE TABLE `amasappartientmesure` (
  `idAmas` int(10) UNSIGNED NOT NULL,
  `idMesure` int(10) UNSIGNED NOT NULL
) ENGINE=InnoDB DEFAULT CHARSET=utf8mb4;

--
-- Déchargement des données de la table `amasappartientmesure`
--

INSERT INTO `amasappartientmesure` (`idAmas`, `idMesure`) VALUES
(18220, 60),
(18221, 60),
(18222, 60),
(18223, 60),
(18224, 60),
(18225, 60),
(18226, 60),
(18227, 60),
(18228, 60),
(18229, 60),
(18230, 60),
(18231, 60),
(18232, 60),
(18233, 60),
(18234, 60),
(18235, 60),
(18236, 60),
(18237, 60),
(18238, 60),
(18239, 60),
(18240, 60),
(18241, 60),
(18242, 60),
(18243, 60),
(18244, 60),
(18245, 60),
(18246, 60),
(18247, 60),
(18248, 60),
(18249, 60),
(18250, 60),
(18251, 60),
(18252, 60),
(18253, 60),
(18254, 60),
(18255, 60),
(18256, 60),
(18257, 60),
(18258, 60),
(18259, 60),
(18260, 60),
(18261, 60),
(18262, 60),
(18263, 60),
(18264, 60),
(18265, 60),
(18266, 60),
(18267, 60),
(18268, 60),
(18269, 60),
(18270, 60),
(18271, 60),
(18272, 60),
(18273, 60),
(18274, 60),
(18275, 60),
(18276, 60),
(18277, 60),
(18278, 60),
(18279, 60),
(18280, 60),
(18281, 60),
(18282, 60),
(18283, 60),
(18284, 60),
(18285, 60),
(18286, 60),
(18287, 60),
(18288, 60),
(18289, 60),
(18290, 60),
(18291, 60),
(18292, 60),
(18293, 60),
(18294, 60),
(18295, 60),
(18296, 60),
(18297, 60),
(18298, 60),
(18299, 60),
(18300, 60),
(18301, 60),
(18302, 60),
(18303, 60),
(18304, 60),
(18305, 60),
(18306, 60),
(18307, 60),
(18308, 60),
(18309, 60),
(18310, 60),
(18311, 60),
(18312, 60),
(18313, 60),
(18314, 60),
(18315, 60),
(18316, 60),
(18317, 60),
(18318, 60),
(18319, 60),
(18320, 60),
(18321, 60),
(18322, 60),
(18323, 60),
(18324, 60),
(18325, 60),
(18326, 60),
(18327, 60),
(18328, 60),
(18329, 60),
(18330, 60),
(18331, 60),
(18332, 60),
(18333, 60),
(18334, 60),
(18335, 60),
(18336, 60),
(18337, 60),
(18338, 60),
(18339, 60),
(18340, 60),
(18341, 60),
(18342, 60),
(18343, 60),
(18344, 60),
(18345, 60),
(18346, 60),
(18347, 60),
(18348, 60),
(18349, 60),
(18350, 60),
(18351, 60),
(18352, 60),
(18353, 60),
(18354, 60),
(18355, 60),
(18356, 60),
(18357, 60),
(18358, 60),
(18359, 60),
(18360, 60),
(18361, 60),
(18362, 60),
(18363, 60),
(18364, 60),
(18365, 60),
(18366, 60),
(18367, 60),
(18368, 60),
(18369, 60),
(18370, 60),
(18371, 60),
(18372, 60),
(18373, 60),
(18374, 60),
(18375, 60),
(18376, 60),
(18377, 60),
(18378, 60),
(18379, 60),
(18380, 60),
(18381, 60),
(18382, 60),
(18383, 60),
(18384, 60),
(18385, 60),
(18386, 60),
(18387, 60),
(18388, 60),
(18389, 60),
(18390, 60),
(18391, 60),
(18392, 60),
(18393, 60),
(18394, 60),
(18395, 60),
(18396, 60),
(18397, 60),
(18398, 60),
(18399, 60),
(18400, 60),
(18401, 60),
(18402, 60),
(18403, 60),
(18404, 60),
(18405, 60),
(18406, 60),
(18407, 60),
(18408, 60),
(18409, 60),
(18410, 60),
(18411, 60),
(18412, 60),
(18413, 60),
(18414, 60),
(18415, 60),
(18416, 60),
(18417, 60),
(18418, 60),
(18419, 60),
(18420, 60),
(18421, 60),
(18422, 60),
(18423, 60),
(18424, 60),
(18425, 60),
(18426, 60),
(18427, 60),
(18428, 60),
(18429, 60),
(18430, 60),
(18431, 60),
(18432, 60),
(18433, 60),
(18434, 60),
(18435, 60),
(18436, 60),
(18437, 60),
(18438, 60),
(18439, 60),
(18440, 60),
(18441, 60),
(18442, 60),
(18443, 60),
(18444, 60),
(18445, 60),
(18446, 60),
(18447, 60),
(18448, 60),
(18449, 60),
(18450, 60),
(18451, 60),
(18452, 60),
(18453, 60),
(18454, 60),
(18455, 60),
(18456, 60),
(18457, 60),
(18458, 60),
(18459, 60),
(18460, 60),
(18461, 60),
(18462, 60),
(18463, 60),
(18464, 60),
(18465, 60),
(18466, 60),
(18467, 60),
(18468, 60),
(18469, 60),
(18470, 60),
(18471, 60),
(18472, 60),
(18473, 60),
(18474, 60),
(18475, 60),
(18476, 60),
(18477, 60),
(18478, 60),
(18479, 60),
(18480, 60),
(18481, 60),
(18482, 60),
(18483, 60),
(18484, 60),
(18485, 60),
(18486, 60),
(18487, 60),
(18488, 60),
(18489, 60),
(18490, 60),
(18491, 60),
(18492, 60),
(18493, 60),
(18494, 60),
(18495, 60),
(18496, 60),
(18497, 60),
(18498, 60),
(18499, 60),
(18500, 60),
(18501, 60),
(18502, 60),
(18503, 60),
(18504, 60),
(18505, 60),
(18506, 60),
(18507, 60),
(18508, 60),
(18509, 60),
(18510, 60),
(18511, 61),
(18512, 61),
(18513, 61),
(18514, 61),
(18515, 61),
(18516, 61),
(18517, 61),
(18518, 61),
(18519, 61),
(18520, 61),
(18521, 61),
(18522, 61),
(18523, 61),
(18524, 61),
(18525, 61),
(18526, 61),
(18527, 61),
(18528, 61),
(18529, 61),
(18530, 61),
(18531, 61),
(18532, 61),
(18533, 61),
(18534, 61),
(18535, 61),
(18536, 61),
(18537, 61),
(18538, 61),
(18539, 61),
(18540, 61),
(18541, 61),
(18542, 61),
(18543, 61),
(18544, 61),
(18545, 61),
(18546, 61),
(18547, 61),
(18548, 61),
(18549, 61),
(18550, 61),
(18551, 61),
(18552, 61),
(18553, 61),
(18554, 61),
(18555, 61),
(18556, 61),
(18557, 61),
(18558, 61),
(18559, 61),
(18560, 61),
(18561, 61),
(18562, 61),
(18563, 61),
(18564, 61),
(18565, 61),
(18566, 61),
(18567, 61),
(18568, 61),
(18569, 61),
(18570, 61),
(18571, 61),
(18572, 61),
(18573, 61),
(18574, 61),
(18575, 61),
(18576, 61),
(18577, 61),
(18578, 61),
(18579, 61),
(18580, 61),
(18581, 61),
(18582, 61),
(18583, 61),
(18584, 61),
(18585, 61),
(18586, 61),
(18587, 61),
(18588, 61),
(18589, 61),
(18590, 61),
(18591, 61),
(18592, 61),
(18593, 61),
(18594, 61),
(18595, 61),
(18596, 61),
(18597, 61),
(18598, 61),
(18599, 61),
(18600, 61),
(18601, 61),
(18602, 61),
(18603, 61),
(18604, 61),
(18605, 61),
(18606, 61),
(18607, 61),
(18608, 61),
(18609, 61),
(18610, 61),
(18611, 61),
(18612, 61),
(18613, 61),
(18614, 61),
(18615, 61),
(18616, 61),
(18617, 61),
(18618, 61),
(18619, 61),
(18620, 61),
(18621, 61),
(18622, 61),
(18623, 61),
(18624, 61),
(18625, 61),
(18626, 61),
(18627, 61),
(18628, 61),
(18629, 61),
(18630, 61),
(18631, 61),
(18632, 61),
(18633, 61),
(18634, 61),
(18635, 61),
(18636, 61),
(18637, 61),
(18638, 61),
(18639, 61),
(18640, 61),
(18641, 61),
(18642, 61),
(18643, 61),
(18644, 61),
(18645, 61),
(18646, 61),
(18647, 61),
(18648, 61),
(18649, 61),
(18650, 61),
(18651, 61),
(18652, 61),
(18653, 61),
(18654, 61),
(18655, 61),
(18656, 61),
(18657, 61),
(18658, 61),
(18659, 61),
(18660, 61),
(18661, 61),
(18662, 61),
(18663, 61),
(18664, 61),
(18665, 61),
(18666, 61),
(18667, 61),
(18668, 61),
(18669, 61),
(18670, 61),
(18671, 61),
(18672, 61),
(18673, 61),
(18674, 61),
(18675, 61),
(18676, 61),
(18677, 61),
(18678, 61),
(18679, 61),
(18680, 61),
(18681, 61),
(18682, 61),
(18683, 61),
(18684, 61),
(18685, 61),
(18686, 61),
(18687, 61),
(18688, 61),
(18689, 61),
(18690, 61),
(18691, 61),
(18692, 61),
(18693, 61),
(18694, 61),
(18695, 61),
(18696, 61),
(18697, 61),
(18698, 61),
(18699, 61),
(18700, 61),
(18701, 61),
(18702, 61),
(18703, 61),
(18704, 61),
(18705, 61),
(18706, 61),
(18707, 61),
(18708, 61),
(18709, 61),
(18710, 61),
(18711, 61),
(18712, 61),
(18713, 61),
(18714, 61),
(18715, 61),
(18716, 61),
(18717, 61),
(18718, 61),
(18719, 61),
(18720, 61),
(18721, 61),
(18722, 61),
(18723, 61),
(18724, 61),
(18725, 61),
(18726, 61),
(18727, 61),
(18728, 61),
(18729, 61),
(18730, 61),
(18731, 61),
(18732, 61),
(18733, 61),
(18734, 61),
(18735, 61),
(18736, 61),
(18737, 61),
(18738, 61),
(18739, 61),
(18740, 61),
(18741, 61),
(18742, 61),
(18743, 61),
(18744, 61),
(18745, 61),
(18746, 61),
(18747, 61),
(18748, 61),
(18749, 61),
(18750, 61),
(18751, 61),
(18752, 61),
(18753, 61),
(18754, 61),
(18755, 61),
(18756, 61),
(18757, 61),
(18758, 61),
(18759, 61),
(18760, 61),
(18761, 61),
(18762, 61),
(18763, 61),
(18764, 61),
(18765, 61),
(18766, 61),
(18767, 61),
(18768, 61),
(18769, 61),
(18770, 61),
(18771, 61),
(18772, 61),
(18773, 61),
(18774, 61),
(18775, 61),
(18776, 61),
(18777, 61),
(18778, 61),
(18779, 61),
(18780, 61),
(18781, 61),
(18782, 61),
(18783, 61),
(18784, 61),
(18785, 61),
(18786, 61),
(18787, 61),
(18788, 61),
(18789, 61),
(18790, 61),
(18791, 61),
(18792, 61),
(18793, 61),
(18794, 61),
(18795, 61),
(18796, 61),
(18797, 61),
(18798, 61),
(18799, 61),
(18800, 61),
(18801, 61),
(18802, 61),
(18803, 61),
(18804, 61),
(18805, 61),
(18806, 61),
(18807, 61),
(18808, 61),
(18809, 61),
(18810, 61),
(18811, 61),
(18812, 61),
(18813, 61),
(18814, 61),
(18815, 61),
(18816, 61),
(18817, 61),
(18818, 61),
(18819, 61),
(18820, 61),
(18821, 61),
(18822, 61),
(18823, 61),
(18824, 61),
(18825, 61),
(18826, 61),
(18827, 61),
(18828, 61),
(18829, 61),
(18830, 61),
(18831, 61),
(18832, 61),
(18833, 61),
(18834, 61),
(18835, 61),
(18836, 61),
(18837, 61),
(18838, 61),
(18839, 61),
(18840, 61),
(18841, 61),
(18842, 61),
(18843, 61),
(18844, 61),
(18845, 61),
(18846, 61),
(18847, 61),
(18848, 61),
(18849, 61),
(18850, 61),
(18851, 61),
(18852, 61),
(18853, 61),
(18854, 61),
(18855, 61),
(18856, 61),
(18857, 61),
(18858, 61),
(18859, 61),
(18860, 61),
(18861, 61),
(18862, 61),
(18863, 61),
(18864, 61),
(18865, 61),
(18866, 61),
(18867, 61),
(18868, 61),
(18869, 61),
(18870, 61),
(18871, 61),
(18872, 61),
(18873, 61),
(18874, 61),
(18875, 61),
(18876, 61),
(18877, 61),
(18878, 61),
(18879, 61),
(18880, 61),
(18881, 61),
(18882, 61),
(18883, 61),
(18884, 61),
(18885, 61),
(18886, 61),
(18887, 61),
(18888, 61),
(18889, 61),
(18890, 61),
(18891, 61),
(18892, 61),
(18893, 61),
(18894, 61),
(18895, 61),
(18896, 61),
(18897, 61),
(18898, 61),
(18899, 61),
(18900, 61),
(18901, 61),
(18902, 61),
(18903, 61),
(18904, 61),
(18905, 61),
(18906, 61),
(18907, 61),
(18908, 61),
(18909, 61),
(18910, 61),
(18911, 61),
(18912, 61),
(18913, 61),
(18914, 61),
(18915, 61),
(18916, 61),
(18917, 61),
(18918, 61),
(18919, 61),
(18920, 61),
(18921, 61),
(18922, 61),
(18923, 61),
(18924, 61),
(18925, 61),
(18926, 61),
(18927, 61),
(18928, 61),
(18929, 61),
(18930, 61),
(18931, 61),
(18932, 61),
(18933, 61),
(18934, 61),
(18935, 61),
(18936, 61),
(18937, 61),
(18938, 61),
(18939, 61),
(18940, 61),
(18941, 61),
(18942, 61),
(18943, 61),
(18944, 61),
(18945, 61),
(18946, 61),
(18947, 61),
(18948, 61),
(18949, 61),
(18950, 61),
(18951, 61),
(18952, 61),
(18953, 61),
(18954, 61),
(18955, 61),
(18956, 61),
(18957, 61),
(18958, 61),
(18959, 61),
(18960, 61),
(18961, 61),
(18962, 61),
(18963, 61),
(18964, 61),
(18965, 61),
(18966, 61),
(18967, 61),
(18968, 61),
(18969, 61),
(18970, 61),
(18971, 61),
(18972, 61),
(18973, 61),
(18974, 61),
(18975, 61),
(18976, 61),
(18977, 61),
(18978, 61),
(18979, 61),
(18980, 61),
(18981, 61),
(18982, 61),
(18983, 61),
(18984, 61),
(18985, 61),
(18986, 61),
(18987, 61),
(18988, 61),
(18989, 61),
(18990, 61),
(18991, 61),
(18992, 61),
(18993, 61),
(18994, 61),
(18995, 61),
(18996, 61),
(18997, 61),
(18998, 61),
(18999, 61),
(19000, 61),
(19001, 61),
(19002, 61),
(19003, 61),
(19004, 61),
(19005, 61),
(19006, 61),
(19007, 61),
(19008, 61),
(19009, 61),
(19010, 61),
(19011, 61),
(19012, 61),
(19013, 61),
(19014, 61),
(19015, 61),
(19016, 61),
(19017, 61),
(19018, 61),
(19019, 61),
(19020, 61),
(19021, 61),
(19022, 61),
(19023, 61),
(19024, 61),
(19025, 61),
(19026, 61),
(19027, 61),
(19028, 61),
(19029, 61),
(19030, 61),
(19031, 61),
(19032, 61),
(19033, 61),
(19034, 61),
(19035, 61),
(19036, 61),
(19037, 61),
(19038, 61),
(19039, 61),
(19040, 61),
(19041, 61),
(19042, 61),
(19043, 61),
(19044, 61),
(19045, 61),
(19046, 61),
(19047, 61),
(19048, 61),
(19049, 61),
(19050, 61),
(19051, 61),
(19052, 61),
(19053, 61),
(19054, 61),
(19055, 61),
(19056, 61),
(19057, 61),
(19058, 61),
(19059, 61),
(19060, 61),
(19061, 62),
(19062, 62),
(19063, 62),
(19064, 62),
(19065, 62),
(19066, 62),
(19067, 62),
(19068, 62),
(19069, 62),
(19070, 62),
(19071, 62),
(19072, 62),
(19073, 62),
(19074, 62),
(19075, 62),
(19076, 62),
(19077, 62),
(19078, 62),
(19079, 62),
(19080, 62),
(19081, 62),
(19082, 62),
(19083, 62),
(19084, 62),
(19085, 62),
(19086, 62),
(19087, 62),
(19088, 62),
(19089, 62),
(19090, 62),
(19091, 62),
(19092, 62),
(19093, 62),
(19094, 62),
(19095, 62),
(19096, 62),
(19097, 62),
(19098, 62),
(19099, 62),
(19100, 62),
(19101, 62),
(19102, 62),
(19103, 62),
(19104, 62),
(19105, 62),
(19106, 62),
(19107, 62),
(19108, 62),
(19109, 62),
(19110, 62),
(19111, 62),
(19112, 62),
(19113, 62),
(19114, 62),
(19115, 62),
(19116, 62),
(19117, 62),
(19118, 62),
(19119, 62),
(19120, 62),
(19121, 62),
(19122, 62),
(19123, 62),
(19124, 62),
(19125, 62),
(19126, 62),
(19127, 62),
(19128, 62),
(19129, 62),
(19130, 62),
(19131, 62),
(19132, 62),
(19133, 62),
(19134, 62),
(19135, 62),
(19136, 62),
(19137, 62),
(19138, 62),
(19139, 62),
(19140, 62),
(19141, 62),
(19142, 62),
(19143, 62),
(19144, 62),
(19145, 62),
(19146, 62),
(19147, 62),
(19148, 62),
(19149, 62),
(19150, 62),
(19151, 62),
(19152, 62),
(19153, 62),
(19154, 62),
(19155, 62),
(19156, 62),
(19157, 62),
(19158, 62),
(19159, 62),
(19160, 62),
(19161, 62),
(19162, 62),
(19163, 62),
(19164, 62),
(19165, 62),
(19166, 62),
(19167, 62),
(19168, 62),
(19169, 62),
(19170, 62),
(19171, 62),
(19172, 62),
(19173, 62),
(19174, 62),
(19175, 62),
(19176, 62),
(19177, 62),
(19178, 62),
(19179, 62),
(19180, 62),
(19181, 62),
(19182, 62),
(19183, 62),
(19184, 62),
(19185, 62),
(19186, 62),
(19187, 62),
(19188, 62),
(19189, 62),
(19190, 62),
(19191, 62),
(19192, 62),
(19193, 62),
(19194, 62),
(19195, 62),
(19196, 62),
(19197, 62),
(19198, 62),
(19199, 62),
(19200, 62),
(19201, 62),
(19202, 62),
(19203, 62),
(19204, 62),
(19205, 62),
(19206, 62),
(19207, 62),
(19208, 62),
(19209, 62),
(19210, 62),
(19211, 62),
(19212, 62),
(19213, 62),
(19214, 62),
(19215, 62),
(19216, 62),
(19217, 62),
(19218, 62),
(19219, 62),
(19220, 62),
(19221, 62),
(19222, 62),
(19223, 62),
(19224, 62),
(19225, 62),
(19226, 62),
(19227, 62),
(19228, 62),
(19229, 62),
(19230, 62),
(19231, 62),
(19232, 62),
(19233, 62),
(19234, 62),
(19235, 62),
(19236, 62),
(19237, 62),
(19238, 62),
(19239, 62),
(19240, 62),
(19241, 62),
(19242, 62),
(19243, 62),
(19244, 62),
(19245, 62),
(19246, 62),
(19247, 62),
(19248, 62),
(19249, 62),
(19250, 62),
(19251, 62),
(19252, 62),
(19253, 62),
(19254, 62),
(19255, 62),
(19256, 62),
(19257, 62),
(19258, 62),
(19259, 62),
(19260, 62),
(19261, 62),
(19262, 62),
(19263, 62),
(19264, 62),
(19265, 62),
(19266, 62),
(19267, 62),
(19268, 62),
(19269, 62),
(19270, 62),
(19271, 62),
(19272, 62),
(19273, 62),
(19274, 62),
(19275, 62),
(19276, 62),
(19277, 62),
(19278, 62),
(19279, 62),
(19280, 62),
(19281, 62),
(19282, 62),
(19283, 62),
(19284, 62),
(19285, 62),
(19286, 62),
(19287, 62),
(19288, 62),
(19289, 62),
(19290, 62),
(19291, 62),
(19292, 62),
(19293, 62),
(19294, 62),
(19295, 62),
(19296, 62),
(19297, 62),
(19298, 62),
(19299, 62),
(19300, 62),
(19301, 62),
(19302, 62),
(19303, 62),
(19304, 62),
(19305, 62),
(19306, 62),
(19307, 62),
(19308, 62),
(19309, 62),
(19310, 62),
(19311, 62),
(19312, 62),
(19313, 62),
(19314, 62),
(19315, 62),
(19316, 62),
(19317, 62),
(19318, 62),
(19319, 62),
(19320, 62),
(19321, 62),
(19322, 62),
(19323, 62),
(19324, 62),
(19325, 62),
(19326, 62),
(19327, 62),
(19328, 62),
(19329, 62),
(19330, 62),
(19331, 62),
(19332, 62),
(19333, 62),
(19334, 62),
(19335, 62),
(19336, 62),
(19337, 62),
(19338, 62);

-- --------------------------------------------------------

--
-- Structure de la table `campagne`
--

CREATE TABLE `campagne` (
  `idCampagne` int(10) UNSIGNED NOT NULL,
  `description` text DEFAULT NULL,
  `nom` varchar(30) DEFAULT NULL
) ENGINE=InnoDB DEFAULT CHARSET=utf8mb4;

--
-- Déchargement des données de la table `campagne`
--

INSERT INTO `campagne` (`idCampagne`, `description`, `nom`) VALUES
(10, 'Premier jour des tests', 'Première campagne');

-- --------------------------------------------------------

--
-- Structure de la table `campagnecontientessai`
--

CREATE TABLE `campagnecontientessai` (
  `idCampagne` int(10) UNSIGNED NOT NULL,
  `idEssai` int(10) UNSIGNED NOT NULL
) ENGINE=InnoDB DEFAULT CHARSET=utf8mb4;

--
-- Déchargement des données de la table `campagnecontientessai`
--

INSERT INTO `campagnecontientessai` (`idCampagne`, `idEssai`) VALUES
(10, 80),
(10, 81),
(10, 82);

-- --------------------------------------------------------

--
-- Structure de la table `essai`
--

CREATE TABLE `essai` (
  `idEssai` int(10) UNSIGNED NOT NULL,
  `date` datetime DEFAULT NULL,
  `description` text DEFAULT NULL
) ENGINE=InnoDB DEFAULT CHARSET=utf8mb4;

--
-- Déchargement des données de la table `essai`
--

INSERT INTO `essai` (`idEssai`, `date`, `description`) VALUES
(80, '2021-01-19 17:34:51', 'Essai 1'),
(81, '2021-01-19 17:35:14', 'Essai 2'),
(82, '2021-01-19 17:37:25', 'Essai 3');

-- --------------------------------------------------------

--
-- Structure de la table `essaicontientalgorithme`
--

CREATE TABLE `essaicontientalgorithme` (
  `idEssai` int(10) UNSIGNED NOT NULL,
  `idAlgorithme` int(10) UNSIGNED NOT NULL
) ENGINE=InnoDB DEFAULT CHARSET=utf8mb4;

--
-- Déchargement des données de la table `essaicontientalgorithme`
--

INSERT INTO `essaicontientalgorithme` (`idEssai`, `idAlgorithme`) VALUES
(80, 1),
(81, 3),
(82, 2);

-- --------------------------------------------------------

--
-- Structure de la table `essaicontientimage`
--

CREATE TABLE `essaicontientimage` (
  `idImage` int(10) UNSIGNED NOT NULL,
  `idEssai` int(10) UNSIGNED NOT NULL
) ENGINE=InnoDB DEFAULT CHARSET=utf8mb4;

--
-- Déchargement des données de la table `essaicontientimage`
--

INSERT INTO `essaicontientimage` (`idImage`, `idEssai`) VALUES
(17, 80),
(18, 81),
(17, 82);

-- --------------------------------------------------------

--
-- Structure de la table `essaicontientmesure`
--

CREATE TABLE `essaicontientmesure` (
  `idEssai` int(10) UNSIGNED NOT NULL,
  `idMesure` int(10) UNSIGNED NOT NULL
) ENGINE=InnoDB DEFAULT CHARSET=utf8mb4;

--
-- Déchargement des données de la table `essaicontientmesure`
--

INSERT INTO `essaicontientmesure` (`idEssai`, `idMesure`) VALUES
(80, 60),
(81, 61),
(82, 62);

-- --------------------------------------------------------

--
-- Structure de la table `image`
--

CREATE TABLE `image` (
  `idImage` int(10) UNSIGNED NOT NULL,
  `nom` varchar(200) DEFAULT NULL,
  `lienImage` varchar(300) DEFAULT NULL
) ENGINE=InnoDB DEFAULT CHARSET=utf8mb4;

--
-- Déchargement des données de la table `image`
--

INSERT INTO `image` (`idImage`, `nom`, `lienImage`) VALUES
(17, 'Capture.PNG', 'C:\\Users\\Cinna\\git\\projet_cellule\\CelluleProjet\\Images\\Capture.PNG'),
(18, '40857431-bacilles-a-gram-negatif-la-coloration-de-gram-.jpg', 'C:\\Users\\Cinna\\git\\projet_cellule\\CelluleProjet\\Images\\40857431-bacilles-a-gram-negatif-la-coloration-de-gram-.jpg');

-- --------------------------------------------------------

--
-- Structure de la table `mesure`
--

CREATE TABLE `mesure` (
  `idMesure` int(10) UNSIGNED NOT NULL
) ENGINE=InnoDB DEFAULT CHARSET=utf8mb4;

--
-- Déchargement des données de la table `mesure`
--

INSERT INTO `mesure` (`idMesure`) VALUES
(60),
(61),
(62);

-- --------------------------------------------------------

--
-- Structure de la table `mesureappartientimage`
--

CREATE TABLE `mesureappartientimage` (
  `idImage` int(10) UNSIGNED NOT NULL,
  `idMesure` int(10) UNSIGNED NOT NULL
) ENGINE=InnoDB DEFAULT CHARSET=utf8mb4;

--
-- Déchargement des données de la table `mesureappartientimage`
--

INSERT INTO `mesureappartientimage` (`idImage`, `idMesure`) VALUES
(17, 60),
(18, 61),
(17, 62);

-- --------------------------------------------------------

--
-- Structure de la table `utilisateur`
--

CREATE TABLE `utilisateur` (
  `idUtilisateur` int(10) UNSIGNED NOT NULL,
  `nom` varchar(30) DEFAULT NULL,
  `prenom` varchar(30) DEFAULT NULL,
  `userName` varchar(30) DEFAULT NULL,
  `motDePasse` varchar(100) DEFAULT NULL
) ENGINE=InnoDB DEFAULT CHARSET=utf8mb4;

--
-- Déchargement des données de la table `utilisateur`
--

INSERT INTO `utilisateur` (`idUtilisateur`, `nom`, `prenom`, `userName`, `motDePasse`) VALUES
(13, 'admin', 'admin', 'admin', 'YWRtaW4=');

-- --------------------------------------------------------

--
-- Structure de la table `utilisateureffectueessai`
--

CREATE TABLE `utilisateureffectueessai` (
  `idEssai` int(10) UNSIGNED NOT NULL,
  `idUtilisateur` int(10) UNSIGNED NOT NULL
) ENGINE=InnoDB DEFAULT CHARSET=utf8mb4;

--
-- Déchargement des données de la table `utilisateureffectueessai`
--

INSERT INTO `utilisateureffectueessai` (`idEssai`, `idUtilisateur`) VALUES
(80, 13),
(81, 13),
(82, 13);

-- --------------------------------------------------------

--
-- Structure de la table `utilisateurestadmin`
--

CREATE TABLE `utilisateurestadmin` (
  `idUtilisateur` int(10) UNSIGNED NOT NULL
) ENGINE=InnoDB DEFAULT CHARSET=utf8mb4;

--
-- Déchargement des données de la table `utilisateurestadmin`
--

INSERT INTO `utilisateurestadmin` (`idUtilisateur`) VALUES
(13);

--
-- Index pour les tables déchargées
--

--
-- Index pour la table `algorithme`
--
ALTER TABLE `algorithme`
  ADD PRIMARY KEY (`idAlgorithme`);

--
-- Index pour la table `amas`
--
ALTER TABLE `amas`
  ADD PRIMARY KEY (`idAmas`);

--
-- Index pour la table `amasappartientmesure`
--
ALTER TABLE `amasappartientmesure`
  ADD KEY `idAmas` (`idAmas`),
  ADD KEY `idMesure` (`idMesure`);

--
-- Index pour la table `campagne`
--
ALTER TABLE `campagne`
  ADD PRIMARY KEY (`idCampagne`);

--
-- Index pour la table `campagnecontientessai`
--
ALTER TABLE `campagnecontientessai`
  ADD KEY `idCampagne` (`idCampagne`),
  ADD KEY `idEssai` (`idEssai`);

--
-- Index pour la table `essai`
--
ALTER TABLE `essai`
  ADD PRIMARY KEY (`idEssai`);

--
-- Index pour la table `essaicontientalgorithme`
--
ALTER TABLE `essaicontientalgorithme`
  ADD KEY `idEssai` (`idEssai`),
  ADD KEY `idAlgorithme` (`idAlgorithme`);

--
-- Index pour la table `essaicontientimage`
--
ALTER TABLE `essaicontientimage`
  ADD KEY `idImage` (`idImage`),
  ADD KEY `idEssai` (`idEssai`);

--
-- Index pour la table `essaicontientmesure`
--
ALTER TABLE `essaicontientmesure`
  ADD KEY `idEssai` (`idEssai`),
  ADD KEY `idMesure` (`idMesure`);

--
-- Index pour la table `image`
--
ALTER TABLE `image`
  ADD PRIMARY KEY (`idImage`);

--
-- Index pour la table `mesure`
--
ALTER TABLE `mesure`
  ADD PRIMARY KEY (`idMesure`);

--
-- Index pour la table `mesureappartientimage`
--
ALTER TABLE `mesureappartientimage`
  ADD KEY `idImage` (`idImage`),
  ADD KEY `idMesure` (`idMesure`);

--
-- Index pour la table `utilisateur`
--
ALTER TABLE `utilisateur`
  ADD PRIMARY KEY (`idUtilisateur`);

--
-- Index pour la table `utilisateureffectueessai`
--
ALTER TABLE `utilisateureffectueessai`
  ADD KEY `idEssai` (`idEssai`),
  ADD KEY `idUtilisateur` (`idUtilisateur`);

--
-- Index pour la table `utilisateurestadmin`
--
ALTER TABLE `utilisateurestadmin`
  ADD KEY `idUtilisateur` (`idUtilisateur`);

--
-- AUTO_INCREMENT pour les tables déchargées
--

--
-- AUTO_INCREMENT pour la table `algorithme`
--
ALTER TABLE `algorithme`
  MODIFY `idAlgorithme` int(10) UNSIGNED NOT NULL AUTO_INCREMENT, AUTO_INCREMENT=4;

--
-- AUTO_INCREMENT pour la table `amas`
--
ALTER TABLE `amas`
  MODIFY `idAmas` int(10) UNSIGNED NOT NULL AUTO_INCREMENT, AUTO_INCREMENT=19339;

--
-- AUTO_INCREMENT pour la table `campagne`
--
ALTER TABLE `campagne`
  MODIFY `idCampagne` int(10) UNSIGNED NOT NULL AUTO_INCREMENT, AUTO_INCREMENT=11;

--
-- AUTO_INCREMENT pour la table `essai`
--
ALTER TABLE `essai`
  MODIFY `idEssai` int(10) UNSIGNED NOT NULL AUTO_INCREMENT, AUTO_INCREMENT=83;

--
-- AUTO_INCREMENT pour la table `image`
--
ALTER TABLE `image`
  MODIFY `idImage` int(10) UNSIGNED NOT NULL AUTO_INCREMENT, AUTO_INCREMENT=19;

--
-- AUTO_INCREMENT pour la table `mesure`
--
ALTER TABLE `mesure`
  MODIFY `idMesure` int(10) UNSIGNED NOT NULL AUTO_INCREMENT, AUTO_INCREMENT=63;

--
-- AUTO_INCREMENT pour la table `utilisateur`
--
ALTER TABLE `utilisateur`
  MODIFY `idUtilisateur` int(10) UNSIGNED NOT NULL AUTO_INCREMENT, AUTO_INCREMENT=15;

--
-- Contraintes pour les tables déchargées
--

--
-- Contraintes pour la table `amasappartientmesure`
--
ALTER TABLE `amasappartientmesure`
  ADD CONSTRAINT `amasappartientmesure_ibfk_1` FOREIGN KEY (`idAmas`) REFERENCES `amas` (`idAmas`),
  ADD CONSTRAINT `amasappartientmesure_ibfk_2` FOREIGN KEY (`idMesure`) REFERENCES `mesure` (`idMesure`);

--
-- Contraintes pour la table `campagnecontientessai`
--
ALTER TABLE `campagnecontientessai`
  ADD CONSTRAINT `campagnecontientessai_ibfk_1` FOREIGN KEY (`idCampagne`) REFERENCES `campagne` (`idCampagne`),
  ADD CONSTRAINT `campagnecontientessai_ibfk_2` FOREIGN KEY (`idEssai`) REFERENCES `essai` (`idEssai`);

--
-- Contraintes pour la table `essaicontientalgorithme`
--
ALTER TABLE `essaicontientalgorithme`
  ADD CONSTRAINT `essaicontientalgorithme_ibfk_1` FOREIGN KEY (`idEssai`) REFERENCES `essai` (`idEssai`),
  ADD CONSTRAINT `essaicontientalgorithme_ibfk_2` FOREIGN KEY (`idAlgorithme`) REFERENCES `algorithme` (`idAlgorithme`);

--
-- Contraintes pour la table `essaicontientimage`
--
ALTER TABLE `essaicontientimage`
  ADD CONSTRAINT `essaicontientimage_ibfk_1` FOREIGN KEY (`idImage`) REFERENCES `image` (`idImage`),
  ADD CONSTRAINT `essaicontientimage_ibfk_2` FOREIGN KEY (`idEssai`) REFERENCES `essai` (`idEssai`);

--
-- Contraintes pour la table `essaicontientmesure`
--
ALTER TABLE `essaicontientmesure`
  ADD CONSTRAINT `essaicontientmesure_ibfk_1` FOREIGN KEY (`idEssai`) REFERENCES `essai` (`idEssai`),
  ADD CONSTRAINT `essaicontientmesure_ibfk_2` FOREIGN KEY (`idMesure`) REFERENCES `mesure` (`idMesure`);

--
-- Contraintes pour la table `mesureappartientimage`
--
ALTER TABLE `mesureappartientimage`
  ADD CONSTRAINT `mesureappartientimage_ibfk_1` FOREIGN KEY (`idImage`) REFERENCES `image` (`idImage`),
  ADD CONSTRAINT `mesureappartientimage_ibfk_2` FOREIGN KEY (`idMesure`) REFERENCES `mesure` (`idMesure`);

--
-- Contraintes pour la table `utilisateureffectueessai`
--
ALTER TABLE `utilisateureffectueessai`
  ADD CONSTRAINT `utilisateureffectueessai_ibfk_1` FOREIGN KEY (`idEssai`) REFERENCES `essai` (`idEssai`),
  ADD CONSTRAINT `utilisateureffectueessai_ibfk_2` FOREIGN KEY (`idUtilisateur`) REFERENCES `utilisateur` (`idUtilisateur`);

--
-- Contraintes pour la table `utilisateurestadmin`
--
ALTER TABLE `utilisateurestadmin`
  ADD CONSTRAINT `utilisateurestadmin_ibfk_1` FOREIGN KEY (`idUtilisateur`) REFERENCES `utilisateur` (`idUtilisateur`);
COMMIT;

/*!40101 SET CHARACTER_SET_CLIENT=@OLD_CHARACTER_SET_CLIENT */;
/*!40101 SET CHARACTER_SET_RESULTS=@OLD_CHARACTER_SET_RESULTS */;
/*!40101 SET COLLATION_CONNECTION=@OLD_COLLATION_CONNECTION */;
